glottocode,UVB,daltonism,n_colors,exists_blue,subsistence,stage,L1,macroarea,macroarea2,longitude,latitude,dist2water,dist2ocean,dist2lakes,dist2rivers,climate_PC1,climate_PC2,altitude,log_popSize,glottocode_family,latitude_family,longitude_family,macro_family,genetic_incomplete,genetic_full,V1_add_2,V2_add_2,V1_add_3,V2_add_3,V3_add_3,V1_add_4,V2_add_4,V3_add_4,V4_add_4,V1_ult_2,V2_ult_2,V1_qlc_2,V2_qlc_2,V3_qlc_2,V4_qlc_2,V5_qlc_2
abua1244,30.5792887667888,2.128,5,no,AGR,999,Abua,Africa,Africa,6.61492,4.83057,4.703,26.966,9.551,4.703,2.98,0.038,18,10.127,atla1278,8.75,8.25,Niger-Congo,,Edo,-5.3838220533486,-5.22274768085968,-5.3838220533486,-5.22274768085968,-8.97328325344193,-5.3838220533486,-5.22274768085968,-8.97328325344193,0.083598608085975,-5.3838220533486,-5.22274768085968,49.8445527224501,38.6739886198153,-23.8610200239987,-2.00766946806362,-1.29664271146614
acol1236,29.2720498783455,2.6095,6,no,AGR,999,Achooli,Africa,Africa,32.5147,3.57738,50.8,1104.373,60.715,50.8,0.215,1.84,845,13.973,nilo1247,4.75,29.75,Nilo-Saharan,,Luhya,-5.3861847099829,-4.90552248427949,-5.3861847099829,-4.90552248427949,-8.26886212092236,-5.3861847099829,-4.90552248427949,-8.26886212092236,3.04115407360594,-5.3861847099829,-4.90552248427949,28.4969987975522,2.78826952584416,5.73267865885399,3.62512335286423,6.94334564542982
ainu1240,15.8081696878147,1.176,4,no,HG,3a,Ainu,Eurasia,Asia,142.46167,43.633654,7.681,73.651,7.681,16.491,-6.067,-3.001,301,2.303,ainu1252,43.633654,142.46167,Ainu,,Hezhe,-7.98244699833907,-2.84138355931421,-7.98244699833907,-2.84138355931421,-7.56181589159715,-7.98244699833907,-2.84138355931421,-7.56181589159715,0.943488641634578,-7.98244699833907,-2.84138355931421,-14.6141227938359,-5.66645387143858,-1.63842146298085,17.3088521501464,-4.12467303200133
alba1267,17.1322823936696,7.403,11,yes,AGR,7,Albanian,Eurasia,Europe,20,41,9.703,16.546,15.604,9.703,-0.6885643,1.8706146,299,22.838459165,indo1319,34,71.55,Indo-European,Europeans..Mixed,Europeans..Mixed,-5.40379621626728,-5.12617090188779,-5.40379621626728,-5.12617090188779,-8.83093146623903,-5.40379621626728,-5.12617090188779,-8.83093146623903,0.399062016509259,-5.40379621626728,-5.12617090188779,-34.4482980008249,4.30358998984064,-0.040811896364019,16.3298599801801,-13.4163758397808
alge1239,18.4343272171254,6.56,11,yes,AGR,7,"Arabic, Algerian Spoken",Africa,Africa,3.23033,35.4208,29.964,136.523,29.964,76.819,-4.076,0.098,749,17.074,afro1255,8.67,8.08,Afro-Asiatic,Arabs,Arabs,-5.4068069964657,-5.11429668900462,-5.4068069964657,-5.11429668900462,-8.86969123488226,-5.4068069964657,-5.11429668900462,-8.86969123488226,0.428902643230129,-5.4068069964657,-5.11429668900462,57.5389296164199,15.2916744807784,109.081503759868,-12.1576974070075,-12.2765033541972
amha1245,28.7994152046784,3.2,10,yes,AGR,7,Amharic,Africa,Africa,39.543456,11.708182,28.645,299.28,28.645,117.911,-2.721,-0.496,2750,16.888,afro1255,8.67,8.08,Afro-Asiatic,,Somali,111.824003771288,-79.1434542288276,111.824003771288,-79.1434542288276,-37.4248853355824,111.824003771288,-79.1434542288276,-37.4248853355824,22.853389790145,111.824003771288,-79.1434542288276,47.8684918607627,11.2607566723081,76.2180074914621,-7.32595706684235,-6.56441312719911
anga1288,24.9571369636964,0,12,no,AGR,7,"Naga, Angami",Eurasia,Asia,93.8668,25.6841,71.46,397.528,71.46,115.828,-0.797,0.293,718,11.791,sino1245,26.1,94.75,Sino-Tibetan,Indian..Mixed,Indian..Mixed,-6.78995701088452,-3.82055379285472,-6.78995701088452,-3.82055379285472,-10.7070364897371,-6.78995701088452,-3.82055379285472,-10.7070364897371,-4.42387463408364,-6.78995701088452,-3.82055379285472,15.8754427866853,-44.6784210112089,-14.1729347228776,-17.656207040498,-1.15689557051827
mesc1238,28.0100694444444,2.5,7,no,HG,999,Apache ,North America,North America,254.434,33.1291,23.909,734.641,23.909,137.956,-5.154,-1.006,2479,7.313,atha1245,53.75,236.5,Na-Dene,Amerindians,Amerindians,-5.41888238164458,-5.11805569427908,-5.41888238164458,-5.11805569427908,-8.86982511342129,-5.41888238164458,-5.11805569427908,-8.86982511342129,0.421655244953248,-5.41888238164458,-5.11805569427908,12.623228610114,-23.9007966018802,-4.94909460321357,19.0220382836566,42.8056902013708
stan1318,21.1204154006644,5.3515,11,yes,AGR,7,Standard Arabic,Eurasia,Asia,43.8525,27.9625,158.357,390.738,158.357,405.809,-3.317,3.485,620,19.143,afro1255,8.67,8.08,Afro-Asiatic,Arabs,Arabs,-5.4068069964657,-5.11429668900462,-5.4068069964657,-5.11429668900462,-8.86969123488226,-5.4068069964657,-5.11429668900462,-8.86969123488226,0.428902643230129,-5.4068069964657,-5.11429668900462,56.7068144249382,14.9486195540293,106.296714260943,-11.7527589984767,-11.8014917676301
nucl1235,16.9180791818438,5.43,7,yes,AGR,5,Armenian,Eurasia,Asia,45,40,21.818,337.419,21.818,30.967,-6.902,-2.717,2527,14.96,indo1319,34,71.55,Indo-European,,Turks,-5.41284051950696,-5.1197541748687,-5.41284051950696,-5.1197541748687,-8.87142758735889,-5.41284051950696,-5.1197541748687,-8.87142758735889,0.420570725680425,-5.41284051950696,-5.1197541748687,-34.4482980008249,4.30358998984064,-0.040811896364021,16.3298599801801,-13.4163758397808
assa1263,24.1556006493506,1.406,11,yes,AGR,7,Assamese,Eurasia,Asia,91.2932,26.0876,3.115,389.574,36.306,3.115,0.395,0.624,45,16.365,indo1319,34,71.55,Indo-European,Kachari,Kachari,-5.08309586071399,-5.32844901606476,-5.08309586071399,-5.32844901606476,-8.84978124546741,-5.08309586071399,-5.32844901606476,-8.84978124546741,0.427094901178283,-5.08309586071399,-5.32844901606476,-66.9492277575773,27.484034007737,4.6683285018397,-31.3794811141443,13.480261508567
assy1241,17.7126612103175,6,9,yes,AGR,999,Assyrian Neo-Aramaic,Eurasia,Asia,43,36.75,10.432,519.411,10.432,15.132,-3.791,2.288,481,10.309,afro1255,8.67,8.08,Afro-Asiatic,,Iraqi,-8.42484326415391,-2.15529130065091,-8.42484326415391,-2.15529130065091,-12.5573612211785,-8.42484326415391,-2.15529130065091,-12.5573612211785,1.25040834199839,-8.42484326415391,-2.15529130065091,51.710718991224,12.8666645731267,89.324884197454,-9.25834544928442,-8.85340622671306
awng1244,27.6003925120773,3.03,3,no,AGR,2,Agaw,Africa,Africa,36.6916,10.9819,28.432,553.617,28.432,59.165,-0.819,-0.58,2086,13.1,afro1255,8.67,8.08,Afro-Asiatic,,Somali,111.824003771288,-79.1434542288276,111.824003771288,-79.1434542288276,-37.4248853355824,111.824003771288,-79.1434542288276,-37.4248853355824,22.853389790145,111.824003771288,-79.1434542288276,34.8949134447615,5.92441485869006,32.9463483385036,-1.05405659463577,0.772959668177843
cent2142,27.0284090909091,5.66,7,yes,AGR,999,Aymara,South America,South America,291.5,-17,23.591,239.069,23.591,31.568,-5.483,-2.279,4175,14.556,ayma1253,-17,291.5,Aymaran,Peruvian,Peruvian,7.33748978141761,-8.78301747092482,7.33748978141761,-8.78301747092482,57.1747146071525,7.33748978141761,-8.78301747092482,57.1747146071525,30.0640790966415,7.33748978141761,-8.78301747092482,12.3126679820573,-22.9065210657311,-4.70409940846035,17.5606868775191,37.9085348602333
kara1465,14.9972694773176,4.2,8,yes,AGR,6,Balkar,Eurasia,Asia,42.2606,43.565,28.738,117.07,28.738,37.561,-6.105,-3.631,2039,12.628,turk1311,56,125,Altaic,,Khanty,-5.35093484879956,-5.15920943259811,-5.35093484879956,-5.15920943259811,-8.59286572629145,-5.35093484879956,-5.15920943259811,-8.59286572629145,0.275970306263883,-5.35093484879956,-5.15920943259811,-16.9771949724005,-7.28027503147327,-2.19892653395586,26.2887305048095,-6.92593149210204
basq1248,13.4749877089479,4.3,11,yes,AGR,7,Basque,Eurasia,Europe,-1.32,43.28,7.204,32.474,17.582,7.204,-2.3069876,-1.53227484,214,19.51653107,basq1248,43.28,-1.32,Basque,Basque,Basque,-5.43976465514702,-5.09943380870561,-5.43976465514702,-5.09943380870561,-8.85801374059876,-5.43976465514702,-5.09943380870561,-8.85801374059876,0.426899827779528,-5.43976465514702,-5.09943380870561,-14.6141227938359,-5.66645387143858,-1.63842146298085,17.3088521501464,-4.12467303200133
bela1254,10.6214752906977,8.7,7,yes,AGR,999,Belarusan,Eurasia,Europe,25.6038,53.2307,5.852,347.859,5.852,41.203,-5.908,-2.889,203,15.721,indo1319,34,71.55,Indo-European,Russians,Russians,-5.4122522858755,-5.11860269760556,-5.4122522858755,-5.11860269760556,-8.86654519410432,-5.4122522858755,-5.11860269760556,-8.86654519410432,0.419785401968791,-5.4122522858755,-5.11860269760556,-45.9528958696601,7.13002876864546,-0.074853293292529,41.417869059918,-46.9176119197581
krio1252,25.7478373702422,2.33,11,yes,AGR,7,Kriol,Australia,Australia,137.669,-18.135,35.471,147.043,77.431,35.471,-1.343,3.027,203,8.343,indo1319,34,71.55,Indo-European,Afro.Caribbeans,Afro.Caribbeans,-5.41270713683082,-5.12617057531851,-5.41270713683082,-5.12617057531851,-8.87201893741464,-5.41270713683082,-5.12617057531851,-8.87201893741464,0.421035038757748,-5.41270713683082,-5.12617057531851,-42.7067367860357,6.19374408648769,-0.062751678162245,30.468513068268,-29.5264951070607
bhil1251,27.062783446712,0.7,7,no,AGR,999,Bhili,Eurasia,Asia,73.9592,20.85,9.117,109.085,9.117,16.195,-1.23,2.786,710,15.012,indo1319,34,71.55,Indo-European,Indian..Mixed,Indian..Mixed,-6.78995701088452,-3.82055379285472,-6.78995701088452,-3.82055379285472,-10.7070364897371,-6.78995701088452,-3.82055379285472,-10.7070364897371,-4.42387463408364,-6.78995701088452,-3.82055379285472,-81.9092178516967,38.6129752704506,6.9697000237474,-55.856747788553,27.806539577065
biet1238,25.4253237612613,4.94,4,no,AGR,3a,Biete,Eurasia,Asia,92.94342,24.273507,48.459,215.605,57.919,48.459,0.34,-0.456,301,9.852,sino1245,26.1,94.75,Sino-Tibetan,Indian..Mixed,Indian..Mixed,-6.78995701088452,-3.82055379285472,-6.78995701088452,-3.82055379285472,-10.7070364897371,-6.78995701088452,-3.82055379285472,-10.7070364897371,-4.42387463408364,-6.78995701088452,-3.82055379285472,16.0986086485636,-45.6769530642225,-14.5369111026157,-18.2626452761771,-1.20387407086322
bulg1262,14.7011519607843,6.45,11,yes,AGR,7,Bulgarian,Eurasia,Europe,25.047,43.3646,2.946,216.105,2.946,29.653,-4.994,-1.261,97,15.549,indo1319,34,71.55,Indo-European,Europeans..Mixed,Europeans..Mixed,-5.40379621626728,-5.12617090188779,-5.40379621626728,-5.12617090188779,-8.83093146623903,-5.40379621626728,-5.12617090188779,-8.83093146623903,0.399062016509259,-5.40379621626728,-5.12617090188779,-45.7366831398171,7.07671039936713,-0.074210180085407,40.9421084686348,-46.2806066972959
yuec1235,26.4918055555556,4,11,yes,AGR,7,Cantonese,Eurasia,Asia,113,23,4.435,86.57,4.435,4.435,-0.728,0.25,4,17.767,sino1245,26.1,94.75,Sino-Tibetan,Han,Han,-5.4130393249985,-5.12010419726425,-5.4130393249985,-5.12010419726425,-8.87229331210319,-5.4130393249985,-5.12010419726425,-8.87229331210319,0.420450275247845,-5.4130393249985,-5.12010419726425,17.1773822431423,-50.8621376188819,-16.4845534276135,-21.7842310903068,-1.49435848406598
cham1312,28.7883421985816,3.252,6,no,AGR,5,Chamorros,Papunesia,Papunesia,144.74474,13.438011,3.397,3.397,7.673,1815.718,2.962,-0.244,41,11.043,aust1307,23.76,120.98,Austronesian,Micronesians,Micronesians,-4.72832334202346,-5.57674005294725,-4.72832334202346,-5.57674005294725,-5.82356072731394,-4.72832334202346,-5.57674005294725,-5.82356072731394,-1.12026204627273,-4.72832334202346,-5.57674005294725,17.046741787055,-53.9938064743995,-18.6241415496702,-37.8686748086057,-24.7989498324293
mand1415,18.6336713510635,5.655,10,yes,AGR,7,"Chinese, Mandarin/Mandarin",Eurasia,Asia,116.228,40.0209,3.91,180.185,3.91,3.91,-5.508,0.228,54,20.549,sino1245,26.1,94.75,Sino-Tibetan,Han,Han,-5.4130393249985,-5.12010419726425,-5.4130393249985,-5.12010419726425,-8.87229331210319,-5.4130393249985,-5.12010419726425,-8.87229331210319,0.420450275247845,-5.4130393249985,-5.12010419726425,16.6197272979133,-48.2715805063333,-15.5248720526781,-20.1110330590972,-1.35997423869774
chot1239,25.7007519315673,6.5,4,no,AGR,3a,"Naga, Chothe",Eurasia,Asia,94.2408,24.3722,43.17,309.832,43.17,46.083,-0.378,-0.233,819,8.189,sino1245,26.1,94.75,Sino-Tibetan,Indian..Mixed,Indian..Mixed,-6.78995701088452,-3.82055379285472,-6.78995701088452,-3.82055379285472,-10.7070364897371,-6.78995701088452,-3.82055379285472,-10.7070364897371,-4.42387463408364,-6.78995701088452,-3.82055379285472,16.0986086485636,-45.6769530642225,-14.5369111026157,-18.2626452761771,-1.20387407086322
chuv1255,9.99212693798449,5.155,6,yes,AGR,5,Chuvash,Eurasia,Asia,47.163,55.487,4.901,953.456,4.901,29.278,-7.297,-2.809,148,13.858,turk1311,56,125,Altaic,Chuvash,Chuvash,-5.41199425822074,-5.12079659751567,-5.41199425822074,-5.12079659751567,-8.8675557368379,-5.41199425822074,-5.12079659751567,-8.8675557368379,0.41824948516864,-5.41199425822074,-5.12079659751567,-15.5655330000936,-6.32068822926439,-1.86627686488956,20.985743717217,-5.27767350246041
czec1258,11.1652126099707,10.5,11,yes,AGR,7,Czech,Eurasia,Europe,15.10437,49.873398,3.009,411.013,3.009,7.641,-5.399,-2.655,424,16.04,indo1319,34,71.55,Indo-European,Europeans..Mixed,Europeans..Mixed,-5.40379621626728,-5.12617090188779,-5.40379621626728,-5.12617090188779,-8.83093146623903,-5.40379621626728,-5.12617090188779,-8.83093146623903,0.399062016509259,-5.40379621626728,-5.12617090188779,-45.125206229469,6.92751496391111,-0.072418266232995,39.6310303602676,-44.5390387552503
dani1285,8.9476600684262,6.36,9,yes,AGR,7,Danish,Eurasia,Europe,9.36284,54.8655,1.446,14.444,1.446,33.881,-4.736,-3.61,41,15.511,indo1319,34,71.55,Indo-European,Danes,Danes,-5.4103846887628,-5.12179957272529,-5.4103846887628,-5.12179957272529,-8.86035467840408,-5.4103846887628,-5.12179957272529,-8.86035467840408,0.414778647410042,-5.4103846887628,-5.12179957272529,-40.7189820715269,5.73785829511864,-0.057455593474699,27.0480162044815,-25.6227306587851
dubl1239,27.2669507575758,2.75,5,no,AGR,4,Dubli,Eurasia,Asia,73.218,21.5161,11.784,50.134,11.784,20.008,-0.164,3.668,56,12.437,indo1319,34,71.55,Indo-European,Indian..Mixed,Indian..Mixed,-6.78995701088452,-3.82055379285472,-6.78995701088452,-3.82055379285472,-10.7070364897371,-6.78995701088452,-3.82055379285472,-10.7070364897371,-4.42387463408364,-6.78995701088452,-3.82055379285472,-82.9301422802142,39.3699094222507,7.12602003401885,-57.5137239468459,28.7740224504193
dutc1256,10.4004057655039,4.95,11,yes,AGR,7,Dutch,Eurasia,Europe,5,52,4.911,52.265,4.911,4.911,-4.476,-3.253,0,16.613,indo1319,34,71.55,Indo-European,Europeans..Mixed,Europeans..Mixed,-5.40379621626728,-5.12617090188779,-5.40379621626728,-5.12617090188779,-8.83093146623903,-5.40379621626728,-5.12617090188779,-8.83093146623903,0.399062016509259,-5.40379621626728,-5.12617090188779,-41.9351775649899,6.01728362374645,-0.060704036205888,29.1499603938628,-28.0249088916624
stan1293,19.0857958229762,5.09207142857143,11,yes,AGR,7,English,Eurasia,Europe,-1,53,1.405,65.072,1.405,1.405,-4.138,-2.7,57,17.879,indo1319,34,71.55,Indo-European,British,British,-5.41273849141978,-5.11752841430812,-5.41273849141978,-5.11752841430812,-8.86509519835608,-5.41273849141978,-5.11752841430812,-8.86509519835608,0.45117717529112,-5.41273849141978,-5.11752841430812,-42.7067367860357,6.19374408648769,-0.062751678162243,30.468513068268,-29.5264951070607
erzy1239,10.4345385174419,7.77,6,yes,AGR,5,Erzya,Eurasia,Europe,45.3901,52.8548,2.901,734.897,2.901,2.901,-6.958,-2.417,218,12.975,ural1272,68,30,Uralic,,Chuvash,-5.41199425822074,-5.12079659751567,-5.41199425822074,-5.12079659751567,-8.8675557368379,-5.41199425822074,-5.12079659751567,-8.8675557368379,0.41824948516864,-5.41199425822074,-5.12079659751567,-18.3982969268709,-8.41836252644253,-2.62392965395907,34.7721846015006,-10.1522277837618
peno1244,25.9638339328537,7.042,5,no,AGR,4,"Mixtec, Peñoles",North America,North America,262.9899,17.0671,40.803,103.633,40.803,131.842,-2.329,0.475,2132,8.613,otom1299,17.67,262.58,Oto-Manguean,Mexicans,Mexicans,-47.1344401652466,-105.724491183439,-47.1344401652466,-105.724491183439,4.63858804744769,-47.1344401652466,-105.724491183439,4.63858804744769,31.6541685034461,-47.1344401652466,-105.724491183439,11.8507430509717,-21.5631506708374,-4.39170032032374,16.1408295055302,35.1094102851517
west2369,19.219442346425,2.62866666666667,11,yes,AGR,7,"Farsi, Western",Eurasia,Asia,55.1586,28.6593,115.185,187.633,115.185,200.814,-5.124,1.151,1951,17.622,indo1319,34,71.55,Indo-European,Iranian,Iranian,-5.4012849103591,-5.02717725720525,-5.4012849103591,-5.02717725720525,-8.61028827064904,-5.4012849103591,-5.02717725720525,-8.61028827064904,1.55192811553472,-5.4012849103591,-5.02717725720525,-54.1861365769665,18.080233534267,2.73193383686456,-11.0319312290157,1.68670438785339
fiji1243,24.4777199074074,0.4,5,no,AGR,999,Fijian,Papunesia,Papunesia,178.33,-18,12.132,21.759,28.27,12.132,2.892,-2.283,172,12.707,aust1307,23.76,120.98,Austronesian,Micronesians,Micronesians,-4.72832334202346,-5.57674005294725,-4.72832334202346,-5.57674005294725,-5.82356072731394,-4.72832334202346,-5.57674005294725,-5.82356072731394,-1.12026204627273,-4.72832334202346,-5.57674005294725,20.094517670341,-71.1744165656064,-25.7761718108279,-60.2382048223081,-44.2191001260186
taga1270,28.7544214628297,4.275,7,yes,AGR,999,Tagalog,Papunesia,Papunesia,121.747,14.06,11.513,12.233,17.831,11.513,2.581,0.09,203,16.884,aust1307,23.76,120.98,Austronesian,Micronesians,Micronesians,-4.72832334202346,-5.57674005294725,-4.72832334202346,-5.57674005294725,-5.82356072731394,-4.72832334202346,-5.57674005294725,-5.82356072731394,-1.12026204627273,-4.72832334202346,-5.57674005294725,17.046741787055,-53.9938064743995,-18.6241415496702,-37.8686748086057,-24.7989498324293
finn1318,7.52765603697088,8.20642857142857,11,yes,AGR,7,Finnish,Eurasia,Europe,25.5577,64.7628,9.545,9.545,13.462,15.419,-7.148,-3.413,15,15.363,ural1272,68,30,Uralic,Finns,Finns,-5.41304076751157,-5.12010170875831,-5.41304076751157,-5.12010170875831,-8.87216465874365,-5.41304076751157,-5.12010170875831,-8.87216465874365,0.420445629781184,-5.41304076751157,-5.12010170875831,-17.7363375312044,-7.93819055199843,-2.45215043716885,31.7366973474345,-9.10669290728943
stan1290,14.5238182401094,6.80216666666667,11,yes,AGR,7,French,Eurasia,Europe,2,48,6.333,205.72,6.333,9.634,-4.471,-2.522,130,17.795,indo1319,34,71.55,Indo-European,French,French,-5.7853137838161,-4.79772386119122,-5.7853137838161,-4.79772386119122,-8.66313842988927,-5.7853137838161,-4.79772386119122,-8.66313842988927,0.401405306500892,-5.7853137838161,-4.79772386119122,-39.4899105960565,5.41138816698265,-0.053421490316906,23.961575252148,-21.6029463794419
pula1263,28.9919871794872,1.30333333333333,6,no,AGR,999,Pulaar,Africa,Africa,-13.4482,13.8694,30.867,271.885,30.867,75.843,-0.234,4.131,40,14.823,atla1278,8.75,8.25,Niger-Congo,,Hausa,-5.35988422817162,-5.15379387999082,-5.35988422817162,-5.15379387999082,-8.63305156833292,-5.35988422817162,-5.15379387999082,-8.63305156833292,0.296662663806915,-5.35988422817162,-5.15379387999082,39.541566433713,19.0944471406502,-6.89706854363124,1.67126264868895,4.63781759212725
scot1245,9.39199667962423,6.58,10,yes,AGR,7,"Gaelic, Scottish",Eurasia,Europe,-5.24366,56.7574,4.761,4.761,9.522,8.288,-3.179,-5.075,162,10.98,indo1319,34,71.55,Indo-European,Orcadian,Orcadian,-103.087545889233,71.4418959178226,-103.087545889233,71.4418959178226,27.5347734632966,-103.087545889233,71.4418959178226,27.5347734632966,-39.99727898747,-103.087545889233,71.4418959178226,-38.7045168151457,5.21796099378414,-0.051114030217345,22.3777138492993,-19.7341842052904
gami1242,27.2669507575758,2.72,5,no,AGR,4,Gamit,Eurasia,Asia,73.6839,21.0697,5.579,80.857,5.579,15.37,0.112,3.034,277,12.557,indo1319,34,71.55,Indo-European,Indian..Mixed,Indian..Mixed,-6.78995701088452,-3.82055379285472,-6.78995701088452,-3.82055379285472,-10.7070364897371,-6.78995701088452,-3.82055379285472,-10.7070364897371,-4.42387463408364,-6.78995701088452,-3.82055379285472,-81.9092178516967,38.6129752704507,6.96970002374741,-55.856747788553,27.806539577065
stan1295,10.6425316764133,6.37375,11,yes,AGR,7,German,Eurasia,Europe,12.4676,48.649,3.688,316.967,3.688,3.688,-4.847,-2.701,441,18.137,indo1319,34,71.55,Indo-European,Germans,Germans,-5.84070427597542,-4.67499574202732,-5.84070427597542,-4.67499574202732,-9.3006915710529,-5.84070427597542,-4.67499574202732,-9.3006915710529,0.524120401588967,-5.84070427597542,-4.67499574202732,-41.9351775649899,6.01728362374645,-0.060704036205882,29.1499603938628,-28.0249088916624
pare1266,29.6521352313167,1.33,5,no,AGR,4,Parenga,Eurasia,Asia,83.9723,19.075,14.803,58.548,20.995,14.803,-0.369,1.605,576,0,aust1305,14.83,100.5,Austro-Asiatic,Thoti,Thoti,229.705718745339,-135.229162703468,229.705718745339,-135.229162703468,-23.8560456971203,229.705718745339,-135.229162703468,-23.8560456971203,1.14672019043935,229.705718745339,-135.229162703468,13.952972767692,-35.4431811094151,-10.7044690024155,-11.3849760454844,-0.639454740222683
mode1248,18.205869510978,5.75,9,yes,AGR,7,Greek,Eurasia,Europe,24.8699,42.3224,8.204,122.47,8.204,23.425,-4.366,-0.74,208,16.186,indo1319,34,71.55,Indo-European,Greeks,Greeks,-5.41309978083683,-5.12002479211944,-5.41309978083683,-5.12002479211944,-8.87219728717175,-5.41309978083683,-5.12002479211944,-8.87219728717175,0.420411697385295,-5.41309978083683,-5.12002479211944,-34.4482980008249,4.30358998984063,-0.040811896364017,16.3298599801802,-13.4163758397808
guja1252,27.1669364981865,5.08428571428571,12,yes,AGR,7,Gujarati,Eurasia,Asia,71.0962,22.687,1.017,26.769,1.017,53.182,-1.655,4.294,100,17.638,indo1319,34,71.55,Indo-European,Gujarati,Gujarati,-5.4017100156407,-5.03052889640699,-5.4017100156407,-5.03052889640699,-8.61961749079819,-5.4017100156407,-5.03052889640699,-8.61961749079819,1.51176568304204,-5.4017100156407,-5.03052889640699,-82.9301422802142,39.3699094222507,7.12602003401885,-57.5137239468459,28.7740224504193
gusi1247,28.9762648809524,0,7,no,AGR,999,Ekegusii,Africa,Africa,34.76751,-0.78872,39.527,636.161,39.527,42.253,-0.032,-1.221,1750,14.606,atla1278,8.75,8.25,Niger-Congo,Bantu.speakers,Bantu.speakers,-5.43689890833198,-5.10186289850735,-5.43689890833198,-5.10186289850735,-8.85964582874302,-5.43689890833198,-5.10186289850735,-8.85964582874302,0.42595511189568,-5.43689890833198,-5.10186289850735,70.3337962040661,72.2299756515359,-51.2568648510043,-7.0968336705631,-8.62902645069208
hadz1240,28.0522321428571,1.42,4,no,HG,3a,Hadza,Africa,Africa,35.05,-3.83,6.44,456.037,6.44,92.098,2.4456062,-0.01990659,1280,9.9657842847,hadz1240,-3.83,35.05,Hadza,,Sandawe,7.15224773272602,-13.1251156638217,7.15224773272602,-13.1251156638217,47.1473890213194,7.15224773272602,-13.1251156638217,47.1473890213194,-23.0288049627917,7.15224773272602,-13.1251156638217,26.3262593962466,2.44906235066812,4.92982835076076,2.94281986445897,5.39280409404317
hakk1236,26.0961390784983,5.578,10,yes,AGR,7,Hakka,Eurasia,Asia,116,25,9.73,170.883,9.73,52.545,-1.67,-0.26,409,17.062,sino1245,26.1,94.75,Sino-Tibetan,Hakka,Hakka,-5.35939794568605,-5.15394361766176,-5.35939794568605,-5.15394361766176,-8.63111782964574,-5.35939794568605,-5.15394361766176,-8.63111782964574,0.295860737947336,-5.35939794568605,-5.15394361766176,17.1773822431423,-50.8621376188819,-16.4845534276135,-21.7842310903068,-1.49435848406598
haus1257,29.676531213192,1.7575,4,no,AGR,3a,Hausa,Africa,Africa,8.7804,11.1513,30.054,687.096,30.054,138.472,-0.67,3.004,595,16.733,afro1255,8.67,8.08,Afro-Asiatic,Hausa,Hausa,-5.35988422817162,-5.15379387999082,-5.35988422817162,-5.15379387999082,-8.63305156833292,-5.35988422817162,-5.15379387999082,-8.63305156833292,0.296662663806915,-5.35988422817162,-5.15379387999082,34.8949134447615,5.92441485869006,32.9463483385036,-1.05405659463578,0.772959668177842
hind1269,24.7859640416151,3.724,9,yes,AGR,6,Hindi,Eurasia,Asia,77,25,7.152,518.51,7.152,23.978,-1.589,3.907,408,19.368,indo1319,34,71.55,Indo-European,Indian..Mixed,Indian..Mixed,-6.78995701088452,-3.82055379285472,-6.78995701088452,-3.82055379285472,-10.7070364897371,-6.78995701088452,-3.82055379285472,-10.7070364897371,-4.42387463408364,-6.78995701088452,-3.82055379285472,-82.5940756198113,39.1186790379005,7.07396957171421,-56.9575033572417,28.4474170165828
hung1274,12.1929557673509,3.82,11,yes,AGR,7,Hungarian,Eurasia,Europe,19.6555271429,46.9068585714,4.461,424.121,4.461,34.465,-5.027,-1.572,116,16.072,ural1272,68,30,Uralic,Hungarian,Hungarian,-5.0887878639874,-5.32446425368456,-5.0887878639874,-5.32446425368456,-8.85547833783762,-5.0887878639874,-5.32446425368456,-8.85547833783762,0.428474391101313,-5.0887878639874,-5.32446425368456,-17.7363375312044,-7.93819055199843,-2.45215043716885,31.7366973474345,-9.10669290728942
kala1399,7.88378273358332,5.40666666666667,5,no,HG,4,Inuktitut,Eurasia,Asia,307.136,69.3761,4.572,4.572,22.656,119.368,-9.159,-6.604,115,10.82,eski1264,63.69,189.52,Eskimo-Aleut,Greenlander,Greenlander,-4.95038569367026,-4.4258941187148,-4.95038569367026,-4.4258941187148,-8.61049672908148,-4.95038569367026,-4.4258941187148,-8.61049672908148,1.18836675115891,-4.95038569367026,-4.4258941187148,13.0511337358735,-25.2664399219766,-5.28218324927879,20.8553083526674,47.9494373417182
nort2945,8.778125,1.105,7,yes,HG,5,Eskimo(IñupiaQ),North America,North America,198.19334,64.77955,2.322,14.074,2.322,2.484,-8.396,-4.123,4,8.627,eski1264,63.69,189.52,Eskimo-Aleut,,Hezhe,-7.98244699833907,-2.84138355931421,-7.98244699833907,-2.84138355931421,-7.56181589159715,-7.98244699833907,-2.84138355931421,-7.56181589159715,0.943488641634578,-7.98244699833907,-2.84138355931421,13.0511337358735,-25.2664399219766,-5.28218324927879,20.8553083526674,47.9494373417182
ital1282,15.3349387731292,3.817,11,yes,AGR,7,Italian,Eurasia,Europe,12.6489,43.0464,9.204,70.902,9.204,16.039,-3.553,-1.589,738,17.823,indo1319,34,71.55,Indo-European,Italians,Italians,-5.41308125617055,-5.12014152989438,-5.41308125617055,-5.12014152989438,-8.87232650034819,-5.41308125617055,-5.12014152989438,-8.87232650034819,0.42053252645048,-5.41308125617055,-5.12014152989438,-39.9133263675235,5.50301442908989,-0.054458073143439,24.579085564547,-22.2578514284593
teso1249,28.8280484068627,4.865,7,yes,AGR,6,Teso,Africa,Africa,33.9394,1.18321,24.217,820.405,24.217,38.654,0.247,0.851,1098,14.267,nilo1247,4.75,29.75,Nilo-Saharan,,Luhya,-5.3861847099829,-4.90552248427949,-5.3861847099829,-4.90552248427949,-8.26886212092236,-5.3861847099829,-4.90552248427949,-8.26886212092236,3.04115407360594,-5.3861847099829,-4.90552248427949,27.4012891713038,2.61799631048197,5.33057418390594,3.28540944981945,6.17467829352364
nucl1643,20.8507866463557,4.2959375,10,yes,AGR,7,Japanese,Eurasia,Asia,135,35,1.29,52.621,1.29,1.29,-3.165,-1.6,312,18.611,japo1237,37,140,Japanese,Japanese,Japanese,-5.41308543632166,-5.12006776739558,-5.41308543632166,-5.12006776739558,-8.87232532180376,-5.41308543632166,-5.12006776739558,-8.87232532180376,0.420444134891103,-5.41308543632166,-5.12006776739558,-14.6141227938355,-5.66645387143876,-1.63842146298088,17.3088521501463,-4.12467303200109
hebr1245,19.2422805481079,6.68075,11,yes,AGR,7,Hebrew,Eurasia,Asia,35.0179,31.1056,9.47,53.897,9.47,18.299,-3.523,1.522,459,15.394,afro1255,8.67,8.08,Afro-Asiatic,Jews..Ashkenazi,Jews..Ashkenazi,-5.35582251716975,-5.15626475647889,-5.35582251716975,-5.15626475647889,-8.61490956987056,-5.35582251716975,-5.15626475647889,-8.61490956987056,0.287404456637973,-5.35582251716975,-5.15626475647889,51.710718991224,12.8666645731267,89.324884197454,-9.25834544928444,-8.85340622671306
jola1263,28.9919871794872,2.11,7,yes,AGR,999,Yola,Africa,Africa,-15.7354766667,12.75752,16.558,44.612,16.558,20.068,-0.033,3.309,43,12.737,atla1278,8.75,8.25,Niger-Congo,,Malinke,-4.7116905567148,-5.34907749893534,-4.7116905567148,-5.34907749893534,-5.25337227749387,-4.7116905567148,-5.34907749893534,-5.25337227749387,1.59000502704411,-4.7116905567148,-5.34907749893534,37.5522982579435,17.5803012482633,-6.27076430302752,1.47007320233036,3.9818971965991
kaba1278,14.7827876984127,3.5,6,no,AGR,999,Kabardian,Eurasia,Asia,43.3918,43.5082,10.908,176.308,28.561,10.908,-5.7,-2.472,990,13.154,abkh1242,43.06,41.16,Abkhaz-Adyge,Adygei,Adygei,-5.41310579483351,-5.12010547115528,-5.41310579483351,-5.12010547115528,-8.87232843370624,-5.41310579483351,-5.12010547115528,-8.87232843370624,0.420563479175248,-5.41310579483351,-5.12010547115528,-14.6141227938359,-5.66645387143858,-1.63842146298086,17.3088521501464,-4.12467303200133
kaya1330,27.9002505271312,0.277666666666667,6,no,HG,999,Kayapo,South America,South America,308.3263,-7.77352,92.685,794.846,111.09,92.685,0.749,1.074,461,8.868,nucl1710,-11,310,Nuclear-Macro-Je,,Karitiana,-5.41314029096098,-5.12008216640114,-5.41314029096098,-5.12008216640114,-8.87239661106497,-5.41314029096098,-5.12008216640114,-8.87239661106497,0.420473407187098,-5.41314029096098,-5.12008216640114,13.9070079428224,-28.0079275087565,-5.94886759907074,24.3799206594269,56.6300404992798
dhan1264,27.0637755102041,1.8,5,no,AGR,4,Dhanki,Eurasia,Asia,73.7418,20.7719,2.9,86.503,2.9,20.53,0.207,2.572,402,11.842,indo1319,34,71.55,Indo-European,Indian..Mixed,Indian..Mixed,-6.78995701088452,-3.82055379285472,-6.78995701088452,-3.82055379285472,-10.7070364897371,-6.78995701088452,-3.82055379285472,-10.7070364897371,-4.42387463408364,-6.78995701088452,-3.82055379285472,-81.1799417855793,38.0787330399028,6.85988881981061,-54.7066184502897,27.140615915002
chig1238,29.2720498783455,3.9,6,yes,AGR,999,Chiga,Africa,Africa,29.9122,-1.04387,20.573,1104.847,20.573,50.674,-1.283,-1.466,1988,14.273,atla1278,8.75,8.25,Niger-Congo,,Luhya,-5.3861847099829,-4.90552248427949,-5.3861847099829,-4.90552248427949,-8.26886212092236,-5.3861847099829,-4.90552248427949,-8.26886212092236,3.04115407360594,-5.3861847099829,-4.90552248427949,71.4736689693345,74.0641402244688,-52.743838276162,-7.36810769203346,-9.01485791621066
kiku1240,28.7166514041514,0.28,7,no,AGR,999,Gikuyu,Africa,Africa,36.719,-0.29005,29.769,472.587,29.769,87.414,-2.251,-2.885,2787,15.706,atla1278,8.75,8.25,Niger-Congo,Bantu.speakers,Bantu.speakers,-5.43689890833198,-5.10186289850735,-5.43689890833198,-5.10186289850735,-8.85964582874302,-5.43689890833198,-5.10186289850735,-8.85964582874302,0.42595511189568,-5.43689890833198,-5.10186289850735,69.0446869820281,70.1551741413292,-49.5746461225165,-6.78986704824384,-8.19235685182084
kili1267,30.0373641304348,1.606,5,no,AGR,4,Kilivila,Papunesia,Papunesia,151.072,-8.72574,3.867,3.867,96.729,239.6,4.635,-2.465,6,9.903,aust1307,23.76,120.98,Austronesian,Papuan.New.Guinean,Papuan.New.Guinean,-5.41306839950583,-5.12016217733098,-5.41306839950583,-5.12016217733098,-8.87244793592476,-5.41306839950583,-5.12016217733098,-8.87244793592476,0.420358462514831,-5.41306839950583,-5.12016217733098,19.8300058826171,-69.6407616101562,-25.130674876435,-58.1623305414302,-42.3815710692859
komi1268,8.25350885323555,2.85,5,yes,AGR,999,Komi-Zyrian,Eurasia,Asia,54.946,64.0527,27.666,467.634,27.666,50.593,-8.462,-4.106,175,11.958,ural1272,68,30,Uralic,Komi.Zyrian,Komi.Zyrian,-5.35117344498654,-5.15911858747387,-5.35117344498654,-5.15911858747387,-8.59391317352109,-5.35117344498654,-5.15911858747387,-8.59391317352109,0.27654313280833,-5.35117344498654,-5.15911858747387,-18.5263421337193,-8.51373024973189,-2.65841644318632,35.3991826042843,-10.3727632999848
komi1269,10.1262928921569,7.1,5,yes,AGR,999,Komi-Permyak,Eurasia,Asia,54.7959,59.6602,21.189,880.734,21.189,28.377,-7.626,-3.394,162,11.052,ural1272,68,30,Uralic,Komi.Zyrian,Komi.Zyrian,-5.35117344498654,-5.15911858747387,-5.35117344498654,-5.15911858747387,-8.59391317352109,-5.35117344498654,-5.15911858747387,-8.59391317352109,0.27654313280833,-5.35117344498654,-5.15911858747387,-18.5263421337193,-8.51373024973189,-2.65841644318632,35.3991826042843,-10.3727632999848
konk1267,27.3260524798155,5,10,yes,AGR,7,Konkani,Eurasia,Asia,73.9166,19.2414,2.595,107.078,2.595,7.631,-0.883,2.567,717,14.699,indo1319,34,71.55,Indo-European,Indian..Mixed,Indian..Mixed,-6.78995701088452,-3.82055379285472,-6.78995701088452,-3.82055379285472,-10.7070364897371,-6.78995701088452,-3.82055379285472,-10.7070364897371,-4.42387463408364,-6.78995701088452,-3.82055379285472,-67.9506816708528,28.136213006974,4.79550629575742,-32.5201769256005,14.0586453460703
kore1280,18.6326747720365,3.21,11,yes,AGR,7,Korean,Eurasia,Asia,128,37.5,5.908,77.555,6.091,5.908,-5.016,-1.465,330,17.553,kore1284,37.5,128,Koreanic,Koreans,Koreans,-5.41298385381507,-5.11995318240518,-5.41298385381507,-5.11995318240518,-8.87176976873904,-5.41298385381507,-5.11995318240518,-8.87176976873904,0.420381463200548,-5.41298385381507,-5.11995318240518,-14.6141227938355,-5.66645387143875,-1.63842146298088,17.3088521501463,-4.12467303200109
krah1246,28.275303030303,1.9,2,no,AGR,1,Kraho,South America,South America,312.4226,-8.01172,37.02,596.779,60.617,37.02,1.198,1.809,228,7.55,nucl1710,-11,310,Nuclear-Macro-Je,,Karitiana,-5.41314029096098,-5.12008216640114,-5.41314029096098,-5.12008216640114,-8.87239661106497,-5.41314029096098,-5.12008216640114,-8.87239661106497,0.420473407187098,-5.41314029096098,-5.12008216640114,13.9070079428224,-28.0079275087566,-5.94886759907076,24.3799206594269,56.6300404992799
kurd1259,21.6767838125666,3.2,10,yes,AGR,6,Kurdish,Eurasia,Asia,45.81,35.65,31.831,363.549,31.831,82.478,-0.4907793,3.6930868,1326,24.253496664,indo1319,34,71.55,Indo-European,,Iranian,-5.4012849103591,-5.02717725720525,-5.4012849103591,-5.02717725720525,-8.61028827064904,-5.4012849103591,-5.02717725720525,-8.61028827064904,1.55192811553472,-5.4012849103591,-5.02717725720525,-54.1861365769665,18.080233534267,2.73193383686456,-11.0319312290157,1.68670438785339
laca1243,26.5063084795322,3.599,5,no,AGR,4,Lacandon(Yucatec),North America,North America,268.57652,17.02093,5.658,146.87,5.658,14.224,1.506,0.247,624,6.328,maya1287,15.42,268.17,Mayan,Mexicans,Mexicans,-47.1344401652466,-105.724491183439,-47.1344401652466,-105.724491183439,4.63858804744769,-47.1344401652466,-105.724491183439,4.63858804744769,31.6541685034461,-47.1344401652466,-105.724491183439,13.6041869248093,-27.160592283799,-5.75849756929106,23.7138927792996,56.5552189480004
latv1249,9.6320554748062,9.32,11,yes,AGR,7,Latvian,Eurasia,Europe,24.309118,56.826108,3.977,33.345,3.977,5.975,-5.83,-3.182,24,14.203,indo1319,34,71.55,Indo-European,,Russians,-5.4122522858755,-5.11860269760556,-5.4122522858755,-5.11860269760556,-8.86654519410432,-5.4122522858755,-5.11860269760556,-8.86654519410432,0.419785401968791,-5.4122522858755,-5.11860269760556,-40.4536750911779,5.78638231031558,-0.05870627577182,29.5861939715346,-31.1841154558375
ling1263,28.1208486519608,1.7,3,no,AGR,2,Lingala,Africa,Africa,19.7829,1.40324,18.302,1102.703,50.848,18.302,1.875,-0.09,343,14.528,atla1278,8.75,8.25,Niger-Congo,,Zaramo,47.689051445444,-38.3063542495082,47.689051445444,-38.3063542495082,228.021271251534,47.689051445444,-38.3063542495082,228.021271251534,-90.963144447962,47.689051445444,-38.3063542495082,62.9441014138571,60.3133586750934,-41.5879621662072,-5.32931535740596,-6.11167414525131
gand1255,28.6881818181818,1.86,3,no,AGR,2,Ganda,Africa,Africa,32.15153,0.66884,35.732,968.953,35.732,90.774,0.093,0.255,1107,15.234,atla1278,8.75,8.25,Niger-Congo,Bantu.speakers,Bantu.speakers,-5.43689890833198,-5.10186289850735,-5.43689890833198,-5.10186289850735,-8.85964582874302,-5.43689890833198,-5.10186289850735,-8.85964582874302,0.42595511189568,-5.43689890833198,-5.10186289850735,70.8800376452821,73.1098957966325,-51.9705281861518,-7.22716959175981,-8.81454030347944
luok1236,28.9762648809524,0.61,10,no,AGR,4,Dholuo,Africa,Africa,34.4896,-0.93296,23.222,656.64,23.222,35.872,-0.148,-0.008,1420,15.213,nilo1247,4.75,29.75,Nilo-Saharan,,Sandawe,7.15224773272602,-13.1251156638217,7.15224773272602,-13.1251156638217,47.1473890213194,7.15224773272602,-13.1251156638217,47.1473890213194,-23.0288049627917,7.15224773272602,-13.1251156638217,28.4969987975522,2.78826952584416,5.73267865885399,3.62512335286424,6.94334564542981
liby1240,22.4599187631027,1.11,11,yes,AGR,7,"Arabic, Libyan Spoken",Africa,Africa,15.0014,22.0032,238.523,992.302,295.019,238.523,-3.219,4.371,597,15.202,afro1255,8.67,8.08,Afro-Asiatic,Libya,Libya,-4.89532591917968,-1.96567475140967,-4.89532591917968,-1.96567475140967,-8.92891142982088,-4.89532591917968,-1.96567475140967,-8.92891142982088,-1.01675324250635,-4.89532591917968,-1.96567475140967,57.5389296164199,15.2916744807784,109.081503759868,-12.1576974070075,-12.2765033541972
maha1287,24.3613425925926,1.18,5,no,AGR,999,"Pahari, Mahasu",Eurasia,Asia,77.5317,31.0088,29.83,971,59.251,29.83,-2.89,-2.111,2108,13.816,indo1319,34,71.55,Indo-European,Indian..Mixed,Indian..Mixed,-6.78995701088452,-3.82055379285472,-6.78995701088452,-3.82055379285472,-10.7070364897371,-6.78995701088452,-3.82055379285472,-10.7070364897371,-4.42387463408364,-6.78995701088452,-3.82055379285472,-67.9506816708528,28.136213006974,4.79550629575742,-32.5201769256006,14.0586453460703
manx1243,9.81514212827988,5.905,10,yes,AGR,7,Manx,Eurasia,Europe,-4.45437,54.2604,4.022,4.908,4.022,66.502,-3.982,-4.095,27,0,indo1319,34,71.55,Indo-European,Irish,Irish,-5.355865857118,-5.1562302026837,-5.355865857118,-5.1562302026837,-8.61508804814446,-5.355865857118,-5.1562302026837,-8.61508804814446,0.287505245518461,-5.355865857118,-5.1562302026837,-38.7045168151457,5.21796099378414,-0.051114030217352,22.3777138492993,-19.7341842052904
maor1246,13.3081749512671,2.278,9,yes,HG,999,Maori,Papunesia,Papunesia,176.541,-38.2881,3.856,37.11,3.856,16.509,-2.318,-3.631,498,11.002,aust1307,23.76,120.98,Austronesian,,Micronesians,-4.72832334202346,-5.57674005294725,-4.72832334202346,-5.57674005294725,-5.82356072731394,-4.72832334202346,-5.57674005294725,-5.82356072731394,-1.12026204627273,-4.72832334202346,-5.57674005294725,20.4745600841412,-73.2924843288997,-26.6539573867421,-62.9526669467376,-46.5569731506639
mara1378,27.895436152054,2.29923076923077,9,yes,AGR,999,Marathi,Eurasia,Asia,76.6665,17.9344,4.532,362.2,4.532,34.323,-0.803,3.181,627,18.088,indo1319,34,71.55,Indo-European,Indian..Mixed,Indian..Mixed,-6.78995701088452,-3.82055379285472,-6.78995701088452,-3.82055379285472,-10.7070364897371,-6.78995701088452,-3.82055379285472,-10.7070364897371,-4.42387463408364,-6.78995701088452,-3.82055379285472,-67.9506816708528,28.136213006974,4.79550629575742,-32.5201769256005,14.0586453460703
mari1278,9.75066618217054,3.27,8,yes,AGR,6,Mari,Eurasia,Europe,48.41,55.83,0.637,972.265,0.637,10.747,-4.7913285,-1.3560226,45,18.609640474,ural1272,68,30,Uralic,,Chuvash,-5.41199425822074,-5.12079659751567,-5.41199425822074,-5.12079659751567,-8.8675557368379,-5.41199425822074,-5.12079659751567,-8.8675557368379,0.41824948516864,-5.41199425822074,-5.12079659751567,-17.7363375312044,-7.93819055199843,-2.45215043716885,31.7366973474345,-9.10669290728942
yuca1254,25.2310930365297,3.2,5,no,AGR,4,"Maya, Yucatan",North America,North America,271.0433,18.7757,21.47,83.653,21.47,82.402,0.193,1.522,101,13.508,maya1287,15.42,268.17,Mayan,Maya..Yucatan,Maya..Yucatan,-5.41313280092798,-5.12010375549336,-5.41313280092798,-5.12010375549336,-8.8724006370943,-5.41313280092798,-5.12010375549336,-8.8724006370943,0.420435452560471,-5.41313280092798,-5.12010375549336,13.6041869248093,-27.160592283799,-5.75849756929106,23.7138927792996,56.5552189480004
meso1252,20.422878440367,3.265,11,yes,AGR,7,"Arabic, Mesopotamian Spoken",Eurasia,Asia,43.1095,33.8178,4.18,597.503,4.18,27.323,-3.747,3.664,62,16.258,afro1255,8.67,8.08,Afro-Asiatic,Iraqi,Iraqi,-8.42484326415391,-2.15529130065091,-8.42484326415391,-2.15529130065091,-12.5573612211785,-8.42484326415391,-2.15529130065091,-12.5573612211785,1.25040834199839,-8.42484326415391,-2.15529130065091,56.7068144249382,14.9486195540293,106.296714260943,-11.7527589984767,-11.8014917676301
stan1288,24.3202234915989,3.22257142857143,11,yes,AGR,7,Spanish (Mexican),Eurasia,Europe,-1.11788,40.4414,10.58,97.908,10.58,103.698,-5.014,-1.856,1119,17.213,indo1319,34,71.55,Indo-European,Mexicans,Mexicans,-47.1344401652466,-105.724491183439,-47.1344401652466,-105.724491183439,4.63858804744769,-47.1344401652466,-105.724491183439,4.63858804744769,31.6541685034461,-47.1344401652466,-105.724491183439,-39.4899105960565,5.41138816698265,-0.053421490316906,23.961575252148,-21.6029463794419
minn1241,25.4663461538462,5.6415,11,yes,AGR,7,Taipei/Taiwan,Eurasia,Asia,118.17,24.5,4.718,24.111,4.718,12.535,-1.24,0.549,23,17.062,sino1245,26.1,94.75,Sino-Tibetan,Han,Han,-5.4130393249985,-5.12010419726425,-5.4130393249985,-5.12010419726425,-8.87229331210319,-5.4130393249985,-5.12010419726425,-8.87229331210319,0.420450275247845,-5.4130393249985,-5.12010419726425,17.1773822431423,-50.8621376188819,-16.4845534276135,-21.7842310903068,-1.49435848406598
moks1248,10.4345385174419,8.61,7,yes,AGR,999,Moksha,Eurasia,Europe,42.6728,54.1855,3.757,815.17,3.757,18.514,-6.775,-2.629,126,12.976,ural1272,68,30,Uralic,,Chuvash,-5.41199425822074,-5.12079659751567,-5.41199425822074,-5.12079659751567,-8.8675557368379,-5.41199425822074,-5.12079659751567,-8.8675557368379,0.41824948516864,-5.41199425822074,-5.12079659751567,-18.3982969268709,-8.41836252644253,-2.62392965395907,34.7721846015006,-10.1522277837618
moro1292,19.9705338541667,1.63,11,yes,AGR,7,"Arabic, Moroccan Spoken",Africa,Africa,-7.5,32.5,3.442,110.004,3.442,39.894,-3.424,1.999,367,16.749,afro1255,8.67,8.08,Afro-Asiatic,Moroccans,Moroccans,-28.6865855488036,17.985911528102,-28.6865855488036,17.985911528102,-28.867927179936,-28.6865855488036,17.985911528102,-28.867927179936,40.9316593642376,-28.6865855488036,17.985911528102,57.5389296164199,15.2916744807783,109.081503759868,-12.1576974070075,-12.2765033541972
muyu1244,29.9698469397693,3.057,5,no,HG,4,Muyuw,Papunesia,Papunesia,152.731,-9.195,13.343,13.343,158.899,385.471,5.195,-3.235,10,8.7,aust1307,23.76,120.98,Austronesian,Papuan.New.Guinean,Papuan.New.Guinean,-5.41306839950583,-5.12016217733098,-5.41306839950583,-5.12016217733098,-8.87244793592476,-5.41306839950583,-5.12016217733098,-8.87244793592476,0.420358462514831,-5.41306839950583,-5.12016217733098,19.8300058826171,-69.6407616101562,-25.130674876435,-58.1623305414302,-42.3815710692859
cent2132,25.4718528368794,2.79333333333333,5,no,AGR,4,"Nahuatl, Central",North America,North America,261.6998,19.1248,17.343,193.723,17.343,54.224,-2.732,0.292,2198,10.597,utoa1244,27.5,249.75,Uto-Aztecan,Nahuas,Nahuas,-22.117761957578,-84.3141600753995,-22.117761957578,-84.3141600753995,-135.341910870817,-22.117761957578,-84.3141600753995,-135.341910870817,-314.576961427153,-22.117761957578,-84.3141600753995,11.8507430509717,-21.5631506708374,-4.39170032032372,16.1408295055302,35.1094102851517
nava1243,27.7242706216125,1.81,5,no,AGR,4,Navajo,North America,North America,249.918,36.2106,18.429,630.114,18.429,94.71,-5.65,-0.148,2114,12.049,atha1245,53.75,236.5,Na-Dene,Amerindians,Amerindians,-5.41888238164458,-5.11805569427908,-5.41888238164458,-5.11805569427908,-8.86982511342129,-5.41888238164458,-5.11805569427908,-8.86982511342129,0.421655244953248,-5.41888238164458,-5.11805569427908,12.623228610114,-23.9007966018802,-4.94909460321357,19.0220382836566,42.8056902013708
nene1249,8.72712599544937,4.74,4,no,HG,3b,Nenets,Eurasia,Asia,71.0234,66.1775,12.261,37.796,12.261,25.561,-10.061,-5.265,33,9.994,ural1272,68,30,Uralic,,Khanty,-5.35093484879956,-5.15920943259811,-5.35093484879956,-5.15920943259811,-8.59286572629145,-5.35093484879956,-5.15920943259811,-8.59286572629145,0.275970306263883,-5.35093484879956,-5.15920943259811,-17.7363375312044,-7.93819055199843,-2.45215043716885,31.7366973474345,-9.10669290728942
east1436,23.1443680555556,3.17,11,yes,AGR,7,Nepali,Eurasia,Asia,85,28,5.877,710.249,5.877,15.439,2.5358336,-2.45957524,1913,23.728581547,indo1319,34,71.55,Indo-European,Tibetan,Tibetan,358.741880468746,69.2415810216634,358.741880468746,69.2415810216634,-3.95837422598172,358.741880468746,69.2415810216634,-3.95837422598172,37.505044544392,358.741880468746,69.2415810216634,-67.9506816708528,28.136213006974,4.79550629575742,-32.5201769256006,14.0586453460703
newa1246,23.8577478213508,4.2,8,yes,AGR,7,Newar,Eurasia,Asia,84.9577,27.2614,12.427,639.983,12.427,19.052,-0.06,0.718,295,13.623,sino1245,26.1,94.75,Sino-Tibetan,,Tibetan,358.741880468746,69.2415810216634,358.741880468746,69.2415810216634,-3.95837422598172,358.741880468746,69.2415810216634,-3.95837422598172,37.505044544392,358.741880468746,69.2415810216634,15.4214202135127,-42.6302810790136,-13.4239235089311,-16.3976664279433,-1.05880916219469
nhen1239,25.1426930147059,0,4,no,AGR,3a,Nhengatu,South America,South America,293.0354,1.04503,15.246,974.282,69.579,15.246,4.059,-1.523,110,9.24,tupi1275,-8,298,Tupian,Colombian,Colombian,-5.42480896815049,-5.23546835021193,-5.42480896815049,-5.23546835021193,-8.8471531810158,-5.42480896815049,-5.23546835021193,-8.8471531810158,0.473191452428384,-5.42480896815049,-5.23546835021193,12.3126679820573,-22.9065210657311,-4.70409940846035,17.560686877519,37.9085348602333
carn1240,25.9152820018924,2.305,6,no,AGR,999,"Nicobarese, Car",Eurasia,Asia,92.7671,9.18853,15.744,15.744,267.936,493.36,2.71,0.278,4,10.519,aust1305,14.83,100.5,Austro-Asiatic,Indian..Mixed,Indian..Mixed,-6.78995701088452,-3.82055379285472,-6.78995701088452,-3.82055379285472,-10.7070364897371,-6.78995701088452,-3.82055379285472,-10.7070364897371,-4.42387463408364,-6.78995701088452,-3.82055379285472,13.9529727676922,-35.4431811094152,-10.7044690024155,-11.3849760454844,-0.639454740222743
nyan1307,29.2720498783455,5.3,6,yes,AGR,5,Nyankore,Africa,Africa,30.548,-0.46364,6.445,1071.048,6.445,56.491,-0.61,-0.009,1466,14.661,atla1278,8.75,8.25,Niger-Congo,,Luhya,-5.3861847099829,-4.90552248427949,-5.3861847099829,-4.90552248427949,-8.26886212092236,-5.3861847099829,-4.90552248427949,-8.26886212092236,3.04115407360594,-5.3861847099829,-4.90552248427949,71.4736689693345,74.0641402244688,-52.743838276162,-7.36810769203346,-9.01485791621065
norw1258,7.53700801749271,8.0875,11,yes,AGR,7,Norwegian,Eurasia,Europe,10.71,59.92,4.022,7.033,4.022,5.857,-5.796,-3.608,91,15.35,indo1319,34,71.55,Indo-European,Europeans..Mixed,Europeans..Mixed,-5.40379621626728,-5.12617090188779,-5.40379621626728,-5.12617090188779,-8.83093146623903,-5.40379621626728,-5.12617090188779,-8.83093146623903,0.399062016509259,-5.40379621626728,-5.12617090188779,-40.7189820715269,5.73785829511864,-0.057455593474704,27.0480162044814,-25.6227306587851
nyun1247,19.8713166144201,0.97,7,yes,HG,999,Nyunga,Australia,Australia,118.151,-33.1199,21.081,155.525,21.081,147.685,-3.565,0.334,349,5.481,pama1250,-12.17,142.49,Pama-Nyungan,Australian.Aborigines,Australian.Aborigines,-5.40634298834021,-5.11447471749866,-5.40634298834021,-5.11447471749866,-8.86955079109458,-5.40634298834021,-5.11447471749866,-8.86955079109458,0.428942650273705,-5.40634298834021,-5.11447471749866,9.64793069091603,-14.6583357461226,-2.71943223605024,7.09606941700807,10.0138048617757
khan1278,29.7875368080094,2.092,5,no,AGR,4,Ogoni,Africa,Africa,7.44363,4.70908,4.713,9.955,4.713,25.908,3.447,-0.281,21,12.206,atla1278,8.75,8.25,Niger-Congo,Bantu.speakers,Bantu.speakers,-5.43689890833198,-5.10186289850735,-5.43689890833198,-5.10186289850735,-8.85964582874302,-5.43689890833198,-5.10186289850735,-8.85964582874302,0.42595511189568,-5.43689890833198,-5.10186289850735,49.8445527224497,38.6739886198146,-23.8610200239981,-2.00766946806355,-1.29664271146601
pott1240,25.4276166097838,2.415,3,no,AGR,2,Ollari,Eurasia,Asia,82.7586,18.5968,8.916,100.617,8.916,48.563,-0.625,1.298,970,9.616,drav1251,21.53,79.92,Dravidian,Indian..Mixed,Indian..Mixed,-6.78995701088452,-3.82055379285472,-6.78995701088452,-3.82055379285472,-10.7070364897371,-6.78995701088452,-3.82055379285472,-10.7070364897371,-4.42387463408364,-6.78995701088452,-3.82055379285472,13.5892543503105,-33.9359727206798,-10.1758663033995,-10.6117600077298,-0.587037768025446
rian1262,26.6243843069874,1.54,6,yes,AGR,5,Riang,Eurasia,Asia,92.0321,23.6803,25.302,123.371,25.302,58.72,0.701,0.229,238,11.245,sino1245,26.1,94.75,Sino-Tibetan,,Dai,-5.41270717305098,-5.11761430967257,-5.41270717305098,-5.11761430967257,-8.86474186467145,-5.41270717305098,-5.11761430967257,-8.86474186467145,0.452163767157997,-5.41270717305098,-5.11761430967257,15.4214202135127,-42.6302810790136,-13.4239235089311,-16.3976664279433,-1.05880916219469
poli1260,10.7897317012859,10.68,10,yes,AGR,7,Polish,Eurasia,Europe,18.6255,51.8439,5.713,267.945,5.713,5.713,-5.539,-2.115,127,17.416,indo1319,34,71.55,Indo-European,Europeans..Mixed,Europeans..Mixed,-5.40379621626728,-5.12617090188779,-5.40379621626728,-5.12617090188779,-8.83093146623903,-5.40379621626728,-5.12617090188779,-8.83093146623903,0.399062016509259,-5.40379621626728,-5.12617090188779,-45.125206229469,6.92751496391112,-0.072418266232987,39.6310303602677,-44.5390387552504
west2386,25.7197816184352,4.818875,11,yes,AGR,7,Punjab,Eurasia,Asia,75.3474,30.0948,8.043,761.808,8.043,67.207,-2.609,3.932,218,17.92,indo1319,34,71.55,Indo-European,Punjabi,Punjabi,7.53090799407975,-8.97103383020077,7.53090799407975,-8.97103383020077,58.1229117791017,7.53090799407975,-8.97103383020077,58.1229117791017,28.6272264279391,7.53090799407975,-8.97103383020077,-68.424425455975,28.4486736529511,4.85674730744789,-33.0767131092331,14.3434977379623
rund1242,28.2637158956109,2.6,3,no,AGR,2,Rundi,Africa,Africa,31.3191,-1.44174,24.131,946.052,24.131,48.805,-0.184,-0.03,1224,16.118,atla1278,8.75,8.25,Niger-Congo,Masai,Masai,-4.73885637083835,-5.56995400614353,-4.73885637083835,-5.56995400614353,-5.87060698305188,-4.73885637083835,-5.56995400614353,-5.87060698305188,-1.09610990900741,-4.73885637083835,-5.56995400614353,70.3337962040661,72.2299756515359,-51.2568648510043,-7.0968336705631,-8.62902645069208
russ1263,10.117055393586,7.965,12,yes,AGR,7,Russian,Eurasia,Europe,50,59,8.56,823.926,9.651,8.56,-7.507,-3.437,173,18.735,indo1319,34,71.55,Indo-European,Russians,Russians,-5.4122522858755,-5.11860269760556,-5.4122522858755,-5.11860269760556,-8.86654519410432,-5.4122522858755,-5.11860269760556,-8.86654519410432,0.419785401968791,-5.4122522858755,-5.11860269760556,-45.9528958696601,7.13002876864546,-0.07485329329252,41.4178690599181,-46.9176119197581
lule1254,5.68288107947805,6.3,9,yes,AGR,7,Saami,Eurasia,Europe,17.8057,67.2759,7.528,90.957,7.528,13.278,-7.613,-5.569,896,7.313,ural1272,68,30,Uralic,,Khanty,-5.35093484879956,-5.15920943259811,-5.35093484879956,-5.15920943259811,-8.59286572629145,-5.35093484879956,-5.15920943259811,-8.59286572629145,0.275970306263883,-5.35093484879956,-5.15920943259811,-17.7363375312044,-7.93819055199843,-2.45215043716885,31.7366973474345,-9.10669290728942
samo1305,26.2344644902635,0,6,yes,AGR,5,Samoa,Papunesia,Papunesia,188.17,-13.92,6.105,16.99,6.105,934.098,5.135,-3.486,170,12.201,aust1307,23.76,120.98,Austronesian,Samoans,Samoans,58.7535488763485,-41.9741742540184,58.7535488763485,-41.9741742540184,-2.86260230356384,58.7535488763485,-41.9741742540184,-2.86260230356384,-9.89296190487941,58.7535488763485,-41.9741742540184,20.4745600841412,-73.2924843288997,-26.6539573867421,-62.9526669467377,-46.5569731506639
sere1260,28.9919871794872,1.57,7,yes,AGR,999,Serer-Sine,Africa,Africa,-16.3916,13.8941,1.899,17.678,1.899,1.899,-0.145,3.601,10,13.938,atla1278,8.75,8.25,Niger-Congo,Bantu.speakers,Bantu.speakers,-5.43689890833198,-5.10186289850735,-5.43689890833198,-5.10186289850735,-8.85964582874302,-5.43689890833198,-5.10186289850735,-8.85964582874302,0.42595511189568,-5.43689890833198,-5.10186289850735,39.541566433713,19.0944471406502,-6.89706854363124,1.67126264868895,4.63781759212724
shua1257,26.1518400243309,7.1,9,yes,AGR,999,Shuar,South America,South America,281.8108,-3.45136,27.149,164.28,47.658,27.149,2.432,-2.87,1298,10.463,jiva1245,-3.45136,281.8108,Chicham,Peruvian,Peruvian,7.33748978141761,-8.78301747092482,7.33748978141761,-8.78301747092482,57.1747146071525,7.33748978141761,-8.78301747092482,57.1747146071525,30.0640790966415,7.33748978141761,-8.78301747092482,12.3126679820573,-22.9065210657311,-4.70409940846035,17.5606868775191,37.9085348602333
sici1248,17.3787021690746,5.03,6,yes,AGR,5,Sicilian,Eurasia,Europe,14.0414,37.5735,16.529,33.744,16.529,52.969,-3.405,-0.312,569,15.363,indo1319,34,71.55,Indo-European,Sardinian,Sardinian,-5.41313366221547,-5.1203136635209,-5.41313366221547,-5.1203136635209,-8.8723774426153,-5.41313366221547,-5.1203136635209,-8.8723774426153,0.420472106054288,-5.41313366221547,-5.1203136635209,-39.9133263675235,5.50301442908989,-0.054458073143439,24.579085564547,-22.2578514284593
sind1272,25.5712901439646,3.1,6,no,AGR,999,Sindhi,Eurasia,Asia,69,26,33.583,184.914,33.583,43.315,-2.528,5.03,19,16.733,indo1319,34,71.55,Indo-European,Sindhi,Sindhi,-350.149858600934,53.8751200111574,-350.149858600934,53.8751200111574,73.1845773046133,-350.149858600934,53.8751200111574,73.1845773046133,-10.0549453068309,-350.149858600934,53.8751200111574,-68.4244254559752,28.4486736529511,4.85674730744789,-33.0767131092328,14.343497737962
sout2807,22.5039698697068,2.45175,7,no,AGR,999,South Sotho (Sesuto),Africa,Africa,27.8951,-30.4445,5.323,196.742,31.742,5.323,-4.482,-1.482,1873,14.386,atla1278,8.75,8.25,Niger-Congo,,San,-350.010064064784,53.8180398533127,-350.010064064784,53.8180398533127,73.1385406085677,-350.010064064784,53.8180398533127,73.1385406085677,-10.061626209594,-350.010064064784,53.8180398533127,70.0615750927364,71.7552745563809,-50.8599824775357,-7.0186705059919,-8.51187837815053
sout3123,21.0826671891327,6.452,10,yes,AGR,7,"Arabic, South Levantine Spoken (Negev Bedouin)",Eurasia,Asia,38.0837,31.5601,81.169,307.153,81.169,271.258,-4.141,2.118,753,15.068,afro1255,8.67,8.08,Afro-Asiatic,Palestinian,Palestinian,-5.41311142656695,-5.12012845574099,-5.41311142656695,-5.12012845574099,-8.87230254010092,-5.41311142656695,-5.12012845574099,-8.87230254010092,0.420518668573051,-5.41311142656695,-5.12012845574099,56.7068144249382,14.9486195540293,106.296714260943,-11.7527589984767,-11.8014917676301
swis1247,12.0751413470993,6.96666666666667,11,yes,AGR,7,"German, Swiss",Eurasia,Europe,8.46419,47.0516,3.424,295.266,3.424,8.745,-4.134,-3.75,691,15.35,indo1319,34,71.55,Indo-European,Europeans..Mixed,Europeans..Mixed,-5.40379621626728,-5.12617090188779,-5.40379621626728,-5.12617090188779,-8.83093146623903,-5.40379621626728,-5.12617090188779,-8.83093146623903,0.399062016509259,-5.40379621626728,-5.12617090188779,-41.5607914289234,5.93300222415618,-0.059732184185382,28.5342510104041,-27.3318494784788
tata1255,9.79930353682171,6.09,10,yes,AGR,7,Tatar,Eurasia,Asia,50,55,6.112,868.03,6.112,28.367,-7.389,-2.874,127,15.269,turk1311,56,125,Altaic,,Chuvash,-5.41199425822074,-5.12079659751567,-5.41199425822074,-5.12079659751567,-8.8675557368379,-5.41199425822074,-5.12079659751567,-8.8675557368379,0.41824948516864,-5.41199425822074,-5.12079659751567,-16.9771949724005,-7.28027503147327,-2.19892653395586,26.2887305048095,-6.92593149210204
telu1262,27.3449532316406,2.10333333333333,8,yes,HG,999,Telugu,Eurasia,Asia,78.7024,16.4529,3.445,168.209,3.445,32.623,-0.662,3.572,430,18.117,drav1251,21.53,79.92,Dravidian,Telugu,Telugu,34.3230734907979,-18.3373633459125,34.3230734907979,-18.3373633459125,193.278967047524,34.3230734907979,-18.3373633459125,193.278967047524,71.4915022692098,34.3230734907979,-18.3373633459125,13.5892543503104,-33.9359727206798,-10.1758663033995,-10.6117600077298,-0.587037768025462
thai1261,28.0040168378995,5.609,8,yes,AGR,999,Thai,Eurasia,Asia,100.671,14.192,5.406,85.673,6.491,5.406,0.84,2.287,5,16.821,taik1256,24,108,Tai-Kadai,Lao.Loum,Lao.Loum,-5.34927713833541,-5.16014562155292,-5.34927713833541,-5.16014562155292,-8.58502798405346,-5.34927713833541,-5.16014562155292,-8.58502798405346,0.271894828777403,-5.34927713833541,-5.16014562155292,13.2440166119395,-32.551722555548,-9.69701327585942,-9.93689132901497,-0.542563132319035
ticu1245,28.9496589561091,0,5,no,AGR,4,Ticuna,South America,South America,290.1277,-3.66289,39.492,1075.016,53.848,39.492,3.006,-1.249,140,10.392,ticu1244,-3.66289,290.1277,Ticuna-Yuri,Ticuna,Ticuna,47.638590893227,-38.274359016058,47.638590893227,-38.274359016058,227.796205090434,47.638590893227,-38.274359016058,227.796205090434,-90.8677365504488,47.638590893227,-38.274359016058,12.3126679820573,-22.9065210657311,-4.70409940846035,17.560686877519,37.9085348602333
tigr1270,28.8117505995204,2.857,5,no,AGR,4,"Tigre,Billen,Tigre",Africa,Africa,38.2233,17.3494,58.261,58.261,158.64,178.746,-2.365,1.549,1931,13.864,afro1255,8.67,8.08,Afro-Asiatic,,Somali,111.824003771288,-79.1434542288276,111.824003771288,-79.1434542288276,-37.4248853355824,111.824003771288,-79.1434542288276,-37.4248853355824,22.853389790145,111.824003771288,-79.1434542288276,47.8684918607627,11.2607566723081,76.2180074914621,-7.32595706684236,-6.56441312719911
tong1325,24.4377133105802,7.5,6,no,AGR,999,Tongan (Polynesia),Papunesia,Papunesia,184.75,-21.17,4.264,10.313,4.264,721.965,1.119,-0.738,14,11.475,aust1307,23.76,120.98,Austronesian,Micronesians,Micronesians,-4.72832334202346,-5.57674005294725,-4.72832334202346,-5.57674005294725,-5.82356072731394,-4.72832334202346,-5.57674005294725,-5.82356072731394,-1.12026204627273,-4.72832334202346,-5.57674005294725,20.3357351597586,-72.519850348068,-26.3339296123773,-61.9643637511865,-45.7065906979375
tswa1253,25.0906284378438,2,5,no,AGR,4,"Tswana, Setswana",Africa,Africa,24.7587,-24.368,26.158,794.273,26.158,324.119,-3.167,1.58,1172,13.883,atla1278,8.75,8.25,Niger-Congo,Bantu.speakers,Bantu.speakers,-5.43689890833198,-5.10186289850735,-5.43689890833198,-5.10186289850735,-8.85964582874302,-5.43689890833198,-5.10186289850735,-8.85964582874302,0.42595511189568,-5.43689890833198,-5.10186289850735,70.0615750927364,71.755274556381,-50.8599824775357,-7.01867050599188,-8.51187837815052
tuni1259,18.2680173292559,5.49,11,yes,AGR,7,"Arabic, Tunisian Spoken",Africa,Africa,9.56156,33.7966,15.612,31.991,15.612,42.496,-3.509,2.031,125,16.013,afro1255,8.67,8.08,Afro-Asiatic,Tunisian,Tunisian,357.757165785297,58.308146444543,357.757165785297,58.308146444543,-34.3784527447981,357.757165785297,58.308146444543,-34.3784527447981,-101.160129528603,357.757165785297,58.308146444543,57.5389296164199,15.2916744807784,109.081503759868,-12.1576974070075,-12.2765033541972
nucl1301,17.274044328125,2.9354,11,yes,AGR,7,Turkish,Eurasia,Asia,32.8667,39.8667,4.682,193.676,4.682,51.411,-5.183,-0.605,1031,17.651,turk1311,56,125,Altaic,Turks,Turks,-5.41284051950696,-5.1197541748687,-5.41284051950696,-5.1197541748687,-8.87142758735889,-5.41284051950696,-5.1197541748687,-8.87142758735889,0.420570725680425,-5.41284051950696,-5.1197541748687,-16.8616009969379,-7.20322829445411,-2.17242442745827,25.8745712045381,-6.79900720456619
tzel1254,26.7077570921986,0,5,no,AGR,4,Oxchug Tzeltal,North America,North America,267.7214,16.6384,18.042,131.801,18.042,51.318,-1.814,-1.207,2103,12.827,maya1287,15.42,268.17,Mayan,Mexicans,Mexicans,-47.1344401652466,-105.724491183439,-47.1344401652466,-105.724491183439,4.63858804744769,-47.1344401652466,-105.724491183439,4.63858804744769,31.6541685034461,-47.1344401652466,-105.724491183439,13.6223901567193,-27.218379582336,-5.77257662899821,23.7914461210526,56.7739083260787
tzot1259,26.7077570921986,1.715,5,no,AGR,4,"Tzotzil, Zinacantán",South America,South America,267.26,16.64,2.941,98.899,21.657,2.941,3.29622,-0.19592213,396,18.623995767,maya1287,15.42,268.17,Mayan,Mexicans,Mexicans,-47.1344401652466,-105.724491183439,-47.1344401652466,-105.724491183439,4.63858804744769,-47.1344401652466,-105.724491183439,4.63858804744769,31.6541685034461,-47.1344401652466,-105.724491183439,13.6223901567193,-27.218379582336,-5.77257662899821,23.7914461210526,56.7739083260786
ukra1253,11.4464015151515,6.52,12,yes,AGR,7,Ukrainian,Eurasia,Europe,24.395786,48.175842,11.035,476.563,19.72,11.035,-5.832,-3.814,1301,17.281,indo1319,34,71.55,Indo-European,Russians,Russians,-5.4122522858755,-5.11860269760556,-5.4122522858755,-5.11860269760556,-8.86654519410432,-5.4122522858755,-5.11860269760556,-8.86654519410432,0.419785401968791,-5.4122522858755,-5.11860269760556,-45.9528958696601,7.13002876864546,-0.074853293292526,41.417869059918,-46.9176119197581
urdu1245,26.3167410714286,5.405,11,yes,AGR,7,Urdu,Eurasia,Asia,67,25,8.244,8.244,13.606,13.78,-1.726,3.299,52,16.118,indo1319,34,71.55,Indo-European,,Burusho,-5.44261448218804,-5.096802484,-5.44261448218804,-5.096802484,-8.85553152890765,-5.44261448218804,-5.096802484,-8.85553152890765,0.43065677712718,-5.44261448218804,-5.096802484,-82.5940756198112,39.1186790379005,7.0739695717142,-56.9575033572417,28.4474170165828
vasa1239,27.3260524798155,10,5,no,AGR,4,Vasavi,Eurasia,Asia,73.8652,21.3624,3.568,101.36,3.568,9.813,-0.354,3.762,139,13.998,indo1319,34,71.55,Indo-European,Indian..Mixed,Indian..Mixed,-6.78995701088452,-3.82055379285472,-6.78995701088452,-3.82055379285472,-10.7070364897371,-6.78995701088452,-3.82055379285472,-10.7070364897371,-4.42387463408364,-6.78995701088452,-3.82055379285472,-82.9301422802142,39.3699094222507,7.12602003401885,-57.5137239468459,28.7740224504193
cent2150,28.574525122549,2.30333333333333,6,no,AGR,999,"Tunebo, Central",South America,South America,287.903,6.8867,2.581,229.324,28.894,2.581,3.952,-2.434,908,7.824,chib1249,9.75,276.58,Chibchan,Colombian,Colombian,-5.42480896815049,-5.23546835021193,-5.42480896815049,-5.23546835021193,-8.8471531810158,-5.42480896815049,-5.23546835021193,-8.8471531810158,0.473191452428384,-5.42480896815049,-5.23546835021193,12.3126679820573,-22.9065210657311,-4.70409940846035,17.5606868775191,37.9085348602333
vend1245,23.9184444444444,1.186,5,no,AGR,4,Venda,Africa,Africa,29.9523,-22.188,4.753,449.637,4.753,9.942,-2.316,2.287,479,13.795,atla1278,8.75,8.25,Niger-Congo,,San,-350.010064064784,53.8180398533127,-350.010064064784,53.8180398533127,73.1385406085677,-350.010064064784,53.8180398533127,73.1385406085677,-10.061626209594,-350.010064064784,53.8180398533127,69.5535384876819,70.9469494744528,-50.2076244840021,-6.90105162527596,-8.34600887682812
viet1252,28.1053700361011,7.56,10,no,AGR,999,Vietnamese,Eurasia,Asia,105.774071,20.681188,6.037,87.626,6.037,17.105,0.041,0.649,4,18.002,aust1305,14.83,100.5,Austro-Asiatic,Vietnamese,Vietnamese,-5.41288563150217,-5.11970507235226,-5.41288563150217,-5.11970507235226,-8.87127921860207,-5.41288563150217,-5.11970507235226,-8.87127921860207,0.420414321491586,-5.41288563150217,-5.11970507235226,13.9529727676921,-35.4431811094151,-10.7044690024154,-11.3849760454843,-0.639454740222735
wall1257,11.2709921798631,7.6,8,yes,AGR,7,East Uvean,Papunesia,Papunesia,183.793,-13.2903,4.342,11.517,4.342,539.022,4.123,-1.765,0,9.172,aust1307,23.76,120.98,Austronesian,Micronesians,Micronesians,-4.72832334202346,-5.57674005294725,-4.72832334202346,-5.57674005294725,-5.82356072731394,-4.72832334202346,-5.57674005294725,-5.82356072731394,-1.12026204627273,-4.72832334202346,-5.57674005294725,20.4745600841412,-73.2924843288996,-26.6539573867421,-62.9526669467376,-46.5569731506639
pano1254,27.1860913404508,0,4,no,AGR,3a,"Katukína, Panoan",South America,South America,288.43849,-7.97456,59.808,700.337,59.808,88.272,1.612,0.318,227,6.551,pano1259,-7.5,285,Panoan,,Karitiana,-5.41314029096098,-5.12008216640114,-5.41314029096098,-5.12008216640114,-8.87239661106497,-5.41314029096098,-5.12008216640114,-8.87239661106497,0.420473407187098,-5.41314029096098,-5.12008216640114,12.3126679820573,-22.9065210657311,-4.70409940846035,17.5606868775191,37.9085348602333
wels1247,10.5207297758285,6.98,8,no,AGR,999,Welsh,Eurasia,Europe,-4,52,4.997,26.604,4.997,14.652,-3.372,-3.887,167,13.138,indo1319,34,71.55,Indo-European,Irish,Irish,-5.355865857118,-5.1562302026837,-5.355865857118,-5.1562302026837,-8.61508804814446,-5.355865857118,-5.1562302026837,-8.61508804814446,0.287505245518461,-5.355865857118,-5.1562302026837,-38.3344762034111,5.14048464015371,-0.050249992043967,21.8836452292499,-19.2276404929347
nucl1347,28.9919871794872,1.14,8,yes,AGR,6,Wolof,Africa,Africa,-15.383,15.2534,22.24,138.229,22.24,58.168,-0.907,4.423,44,15.184,atla1278,8.75,8.25,Niger-Congo,,Bantu.speakers,-5.43689890833198,-5.10186289850735,-5.43689890833198,-5.10186289850735,-8.85964582874302,-5.43689890833198,-5.10186289850735,-8.85964582874302,0.42595511189568,-5.43689890833198,-5.10186289850735,39.0251614975593,18.7044468092625,-6.73625036486597,1.62001205523489,4.47167120092416
xava1240,28.7444743130227,0,3,no,HG,2,Xavante,South America,South America,307.5633,-14.3017,41.229,1217.325,41.229,46.209,0.04,1.746,335,9.17,nucl1710,-11,310,Nuclear-Macro-Je,,Karitiana,-5.41314029096098,-5.12008216640114,-5.41314029096098,-5.12008216640114,-8.87239661106497,-5.41314029096098,-5.12008216640114,-8.87239661106497,0.420473407187098,-5.41314029096098,-5.12008216640114,13.7062852264869,-27.3748496337296,-5.79528010691498,23.5509689658748,54.3784845138468
xhos1239,29.2671933085502,4.508,10,no,AGR,999,Xhosa,Africa,Africa,28.0769,-31.0389,19.404,131.859,19.404,70.466,-4.178,-1.475,2043,15.868,atla1278,8.75,8.25,Niger-Congo,,San,-350.010064064784,53.8180398533127,-350.010064064784,53.8180398533127,73.1385406085677,-350.010064064784,53.8180398533127,73.1385406085677,-10.061626209594,-350.010064064784,53.8180398533127,69.9526304232654,71.5821929363305,-50.7203793580751,-6.99353827866334,-8.47647408136645
yano1261,27.509586352657,5.2,7,no,HG,999,Yanomamo,South America,South America,295.1219,1.67967,58.652,875.687,169.316,58.652,2.681,-1.197,547,9.661,yano1268,1.67967,295.1219,Yanomamic,,Karitiana,-5.41314029096098,-5.12008216640114,-5.41314029096098,-5.12008216640114,-8.87239661106497,-5.41314029096098,-5.12008216640114,-8.87239661106497,0.420473407187098,-5.41314029096098,-5.12008216640114,12.3126679820573,-22.9065210657311,-4.70409940846035,17.560686877519,37.9085348602333
yoru1245,28.0305452292441,3.333,6,yes,AGR,5,Yoruba,Africa,Africa,3.67225,7.15345,21.143,86.404,21.143,59.41,1.268,1.581,127,16.755,atla1278,8.75,8.25,Niger-Congo,Yoruba,Yoruba,-5.41309241993484,-5.12036740851932,-5.41309241993484,-5.12036740851932,-8.87239153751299,-5.41309241993484,-5.12036740851932,-8.87239153751299,0.420635212094831,-5.41309241993484,-5.12036740851932,48.9986928037197,37.6340373785425,-23.1247258292564,-1.92509930494455,-1.23375272296099
yucu1253,28.8070023148148,0,5,no,AGR,4,Yucuna,South America,South America,288.9967,-0.76075,34.914,815.883,85.136,34.914,3.683,-1.756,147,7.496,araw1281,1,290.83,Arawakan,Colombian,Colombian,-5.42480896815049,-5.23546835021193,-5.42480896815049,-5.23546835021193,-8.8471531810158,-5.42480896815049,-5.23546835021193,-8.8471531810158,0.473191452428384,-5.42480896815049,-5.23546835021193,12.3126679820573,-22.9065210657311,-4.70409940846035,17.5606868775191,37.9085348602333
cent2127,8.778125,0,6,no,HG,4,Yupik,North America,North America,198.514,60.3062,18.025,41.604,22.051,18.025,-7.791,-4.198,30,9.21,eski1264,63.69,189.52,Eskimo-Aleut,,Hezhe,-7.98244699833907,-2.84138355931421,-7.98244699833907,-2.84138355931421,-7.56181589159715,-7.98244699833907,-2.84138355931421,-7.56181589159715,0.943488641634578,-7.98244699833907,-2.84138355931421,12.894340416826,-24.7922040300314,-5.16904750555486,20.268443778911,46.3743190413976
zulu1248,21.9611937299035,2.909,10,yes,AGR,7,Zulu,Africa,Africa,31.3512,-25.3305,7.183,131.74,11.731,7.183,-1.743,0.969,523,16.116,atla1278,8.75,8.25,Niger-Congo,,San,-350.010064064784,53.8180398533127,-350.010064064784,53.8180398533127,73.1385406085677,-350.010064064784,53.8180398533127,73.1385406085677,-10.061626209594,-350.010064064784,53.8180398533127,69.9526304232653,71.5821929363304,-50.7203793580751,-6.99353827866336,-8.47647408136645
