glottocode	longitude	latitude	UV_305_mean	UV_305_sd	UV_310_mean	UV_310_sd	UV_325_mean	UV_325_sd	UV_380_mean	UV_380_sd	UV_A_mean	UV_A_sd	UV_B_mean	UV_B_sd	UV_mean	UV_sd
abua1244	6.615	4.831	97.4029304029304	16.0151212617397	136.03663003663	20.9738662404475	443.89010989011	62.0244467723361	790.47619047619	112.378007308417	617.18315018315	195.725288128056	116.71978021978	26.8585191027349	366.951465201465	286.653599956731
acol1236	32.515	3.577	92.8722627737226	19.1963566061118	130.105839416058	25.7452958580128	425.598540145985	80.5922636789288	756.481751824817	148.16217736425	591.040145985401	204.006206293324	111.489051094891	29.3587447709801	351.264598540146	280.652194227281
ainu1240	142.462	43.634	27.2432835820896	20.7643235598558	52.7591044776119	33.2631240017728	235.89552238806	117.480962189186	439.301492537313	215.325714491138	337.598507462687	200.991194798202	40.0011940298507	30.5066333310802	188.799850746269	206.89659451399
alba1267	20	41	28.6789156626506	20.4203612924975	54.7298192771084	31.4759196688591	241.939759036145	105.620205358644	447.987951807229	191.012787662965	344.963855421687	185.512266723449	41.7043674698795	29.5418178266721	193.334111445783	201.592086446426
alge1239	3.23	35.421	39.8318885448916	23.6106475052013	70.0826625386997	34.0943012173232	286.866873065015	118.718405742038	526.752321981424	215.938355202815	406.80959752322	211.478617243341	54.9572755417957	32.9809158067137	230.883436532508	232.081275737741
amha1245	39.543	11.708	86.6520295202952	18.5871397580238	123.752767527675	24.5820195825499	413.619926199262	76.0197306843945	738.118081180812	138.046425650297	575.869003690037	196.896867734328	105.202398523985	28.6138639561773	340.535701107011	274.241114582394
anga1288	93.867	25.684	64.9893333333333	24.0849920565367	100.99	31.6655267646739	369.276666666667	104.561611298859	669.77	187.430300356263	519.523333333333	213.553087054577	82.9896666666667	33.3860440871412	301.2565	266.496596108714
mesc1238	254.434	33.129	57.7776729559748	30.4272318818793	95.1147798742138	40.0622567772984	364.654088050314	120.824950283438	650.528301886792	207.497445883585	507.591194968553	221.911522805476	76.4462264150943	40.1555899354058	292.018710691824	268.172798453897
stan1318	43.853	27.963	54.9705882352941	18.747916631282	90.3235294117647	24.2443145667987	342.02614379085	80.2402905795711	621.503267973856	143.283606154242	481.764705882353	181.717096890206	72.6470588235294	27.9613295245797	277.205882352941	242.417360581038
nucl1235	45	40	30.0828828828829	20.7349039608666	57.1498498498499	31.3487203334307	250.630630630631	107.12321989028	464.57957957958	195.319564695488	357.605105105105	190.357539109181	43.6163663663664	29.8112006907886	200.610735735736	207.880143031089
assa1263	91.293	26.088	61.3594155844156	25.4025276830213	96.550974025974	34.1279537962437	355.636363636364	114.179230396052	645.922077922078	205.448457835386	500.779220779221	220.632660069794	78.9551948051948	34.8374245866698	289.867207792208	263.526008247581
assy1241	43	36.75	36.8876876876877	22.0197008941637	66.8267267267267	31.2596959479684	280.468468468468	104.875785950197	517.06006006006	188.940632599196	398.764264264264	193.206041365908	51.8572072072072	30.8924282132432	225.310735735736	221.891432283607
awng1244	36.692	10.982	84.8260869565217	21.2251696362351	120.93115942029	27.8064539289964	402.576086956522	85.789454791132	716.485507246377	157.428089696725	559.530797101449	201.797024203089	102.878623188406	30.6141868277526	331.204710144928	270.16812490871
cent2142	291.5	-17	80.818661971831	27.271014595585	118.619718309859	34.4759315633992	402.102112676056	100.125540257095	723.302816901409	176.2927211362	562.702464788732	215.299417106177	99.7191901408451	36.3635130429453	331.210827464789	278.303183449103
kara1465	42.261	43.565	23.4749253731343	17.9356208459352	47.6101492537313	29.3041854673663	222.940298507463	102.949159099004	416.832835820896	187.419113401706	319.886567164179	179.556900970848	35.5425373134328	27.114084880991	177.714552238806	191.581812454898
basq1248	-1.32	43.28	22.2110119047619	18.6991012040329	45.0318452380952	30.1515034775725	214.827380952381	105.850076856059	402.75	192.082981135214	308.78869047619	181.262512262698	33.6214285714286	27.5470222946221	171.20505952381	189.045771671155
bela1254	25.604	53.231	10.7328488372093	10.559331027288	26.4279069767442	21.85379139925	155.767441860465	92.8214593187099	300.186046511628	174.222839888584	227.976744186047	157.092716983068	18.5803779069767	18.8623553653768	123.278561046512	153.223802180283
krio1252	137.669	-18.135	69.5261324041812	26.2369217508729	103.135888501742	33.1028118906	353.449477351916	102.39586245707	627.839721254355	185.106854674468	490.644599303136	202.955739714777	86.3310104529617	34.2553064134059	288.487804878049	249.132015138769
bhil1251	73.959	20.85	74.7927835051546	19.5939113383655	112.419243986254	25.1277324630938	394.975945017182	80.7897832311419	714.941580756014	145.31509173437	554.958762886598	198.586246845013	93.6060137457045	29.3485126732279	324.282388316151	270.903921867195
biet1238	92.943	24.274	68.0100334448161	23.0881873614293	104.598662207358	29.9113813866785	378.123745819398	98.2999863690222	685.14381270903	174.745057020792	531.633779264214	208.974872050463	86.304347826087	32.371659459682	308.969063545151	268.256528190111
bulg1262	25.047	43.365	22.1622023809524	17.3384698639929	44.9523809523809	28.5020165872175	211.22619047619	99.0389763396181	394.261904761905	181.075319962839	302.744047619048	172.205557584176	33.5572916666667	26.1859880015389	168.150669642857	182.44944607165
yuec1235	113	23	72.3802675585284	21.3140006274506	110.294314381271	27.6704055518561	393.682274247492	91.1594741006132	711.09364548495	162.494515941808	552.387959866221	206.295587290493	91.3372909698997	31.1274469526155	321.86262541806	273.736336017645
cham1312	144.745	13.438	84.6241007194245	16.4312338532223	122.194244604317	21.5603854201037	418.985611510791	66.82824427334	751.223021582734	119.882375755696	585.104316546763	192.476164194779	103.40917266187	26.8378569256065	344.256744604317	277.356161097034
mand1415	116.228	40.021	28.4929230769231	21.417070447489	54.9550769230769	34.4556327762167	244.532307692308	126.194183490439	454.003076923077	233.550249681532	349.267692307692	214.866136782432	41.724	31.5753684305571	195.495846153846	217.320178321641
chot1239	94.241	24.372	67.0764119601329	22.8072534167617	103.627906976744	29.7481834505008	374.21926910299	96.4531583764749	677.574750830565	173.071561000128	525.897009966777	206.495146710534	85.3521594684385	32.1862131425924	305.624584717608	265.292705725141
chuv1255	47.163	55.487	11.6857558139535	13.4416458500757	27.4017441860465	26.4411960444474	153.823255813953	109.804192461309	294.988372093023	206.003268913804	224.405813953488	179.43422710964	19.54375	22.3853739785303	121.974781976744	163.819199929089
czec1258	15.104	49.873	13.7005847953216	12.3571461608492	31.574269005848	23.2660384291243	173.555555555556	90.4728932435597	331.643274853801	168.195725251158	252.599415204678	156.422346775222	22.6374269005848	20.651388017381	137.618421052632	160.213638587995
dani1285	9.363	54.866	9.06308139534884	9.58643677646482	22.9136627906977	19.8495629186359	141.18023255814	82.3768420000727	273.206395348837	152.507384956496	207.193313953488	139.156124238278	15.9883720930233	17.0478232624147	111.590843023256	137.720223284539
dubl1239	73.218	21.516	74.1632653061225	19.6731104287813	111.768707482993	24.777664726795	395.918367346939	78.9154738719725	717.210884353741	140.825369616213	556.56462585034	197.126117519235	92.9659863945578	29.2194108234928	324.765306122449	271.32267548734
dutc1256	5	52	11.8880813953488	11.6445436532015	28.4311046511628	22.7748145627582	164.198546511628	90.8502039654476	315.991279069767	168.305679265421	240.094912790698	155.023547500886	20.1595930232558	19.8792628080234	130.127252906977	155.905551567179
stan1293	-1	53	10.9097345132743	10.7259898201339	26.5117994100295	21.3372838676158	157.046017699115	85.5176344685719	302.766961651917	157.582143414124	229.906489675516	146.169243034317	18.7107669616519	18.5926881405367	124.308628318584	148.346533890681
erzy1239	45.39	52.855	12.9196480938416	12.4574261289462	30.1290322580645	24.2835542618895	166.489736070381	97.6066116082103	320.096774193548	181.623396769991	243.293255131965	164.72183355818	21.5243401759531	21.1197013601163	132.408797653959	161.505197121659
peno1244	262.99	17.067	74.5427046263345	23.3294332446379	109.049822064057	31.5436943263458	374.829181494662	105.611312311969	669.519572953737	194.150642381013	522.174377224199	214.778677740184	91.7962633451957	32.6569683160487	306.985320284698	264.432846284139
west2369	55.159	28.659	52.8051948051948	17.8825622201635	87.724025974026	22.6165848321898	336.201298701299	73.7248940203232	613.181818181818	130.49744238738	474.691558441558	174.427478797117	70.2646103896104	26.8383861880943	272.478084415584	237.66252963415
fiji1243	178.33	-18	68.6388888888889	22.7026257092025	103.166666666667	27.5938689347372	359.409722222222	81.7406379422853	643.715277777778	144.271867016637	501.5625	184.30029252849	85.9027777777778	30.5919158277095	293.732638888889	246.306410100564
taga1270	121.747	14.06	85.902846975089	17.4823623079315	124.362989323843	23.6242139014317	423.377224199288	74.144164933567	760.466192170819	133.799956342423	591.921708185053	200.342000615508	105.132918149466	28.3117153876159	348.52731316726	282.390849293063
finn1318	25.558	64.763	6.31261538461538	7.45149298921237	17.6123076923077	17.1911162430719	122.718769230769	84.1407307950641	247.735692307692	160.670340610073	185.227230769231	142.601880040506	11.9624615384615	14.3954540451922	98.5948461538461	133.320303430313
stan1290	2	48	15.3849112426036	13.6292791224858	34.1097633136095	24.3483837581719	179.292899408284	91.4002837972365	339.582840236686	168.346066665194	259.437869822485	157.330086550927	24.7473372781065	21.8290783031734	142.092603550296	162.435830536915
pula1263	-13.448	13.869	88.4086021505376	16.0111718365195	127.659498207885	21.3828288140887	430.78853046595	65.7230543110755	768.960573476703	117.096138425664	599.874551971326	194.012211662142	108.034050179211	27.2396885781739	353.954301075269	282.321034497256
scot1245	-5.244	56.757	8.48982558139535	9.07302322309423	21.8593023255814	19.7309667842378	136.433139534884	85.9921764393336	265.122093023256	159.080437618597	200.77761627907	143.084094812093	15.1745639534884	16.7398601635664	107.976090116279	137.795067132621
gami1242	73.684	21.07	74.1632653061225	19.6731104287813	111.768707482993	24.777664726795	395.918367346939	78.9154738719725	717.210884353741	140.825369616213	556.56462585034	197.126117519235	92.9659863945578	29.2194108234928	324.765306122449	271.32267548734
stan1295	12.468	48.649	14.9702623906706	13.7361048000206	33.6781341107872	25.4686004366982	180.104956268222	97.7287423464906	341.871720116618	179.903014447414	260.98833819242	165.768143007233	24.3241982507289	22.4872797233516	142.656268221574	167.316656804167
pare1266	83.972	19.075	71.6211604095563	22.3823368475775	106.921501706485	29.5691200073849	372.194539249147	98.3201004976037	664.709897610922	179.135101893707	518.452218430034	205.597420758191	89.2713310580205	31.5996283209174	303.861774744027	260.200549349405
mode1248	24.87	42.322	23.6213017751479	17.9256283077926	47.1186390532544	28.9084933344227	217.056213017751	99.7335609555201	403.976331360947	182.398801751189	310.516272189349	174.137199297761	35.3699704142012	26.7561808823033	172.943121301775	185.603669252499
guja1252	71.096	22.687	74.6986301369863	19.6873744540418	113.445205479452	24.2450351517769	403.606164383562	73.5564796649582	733.732876712329	127.982375885903	568.669520547945	195.368830138846	94.0719178082192	29.3741166635422	331.370719178082	275.423600646606
gusi1247	34.768	-0.789	91.6821428571429	19.2773299652425	128.596428571429	26.6195414535859	420.867857142857	87.0213196535467	749.714285714286	161.393763041178	585.291071428571	209.436417082324	110.139285714286	29.6718226356736	347.715178571429	280.793103339272
hadz1240	35.05	-3.83	88.4107142857143	21.6039429443435	124.4	29.7213583098913	407.982142857143	97.9369797866394	725.714285714286	180.765567728455	566.848214285714	215.359449487104	106.405357142857	31.594676526994	336.626785714286	276.978446583298
hakk1236	116	25	67.387417218543	21.8047567264219	105.059602649007	28.1858407440019	383.192052980132	91.6080931322813	694.966887417219	162.306359646324	539.079470198675	204.157006311938	86.2235099337748	31.4527950851994	312.651490066225	269.497888817916
haus1257	8.78	11.151	89.1906474820144	16.6517630253863	127.708633093525	22.1208854119816	428.489208633094	66.7493146201485	763.812949640288	120.668389368186	596.151079136691	194.041712379008	108.44964028777	27.4625901132109	352.30035971223	280.539838475693
hind1269	77	25	79.4916387959866	20.6515294375672	120.110367892977	25.7621645118185	420.066889632107	72.8379340610353	742.842809364549	122.300153545209	581.454849498328	190.273691093926	99.8010033444816	30.9408394097546	340.627926421405	276.787460455649
hung1274	19.656	46.907	17.0149560117302	14.6163721382344	36.8287390029326	25.7175619989515	187.66275659824	93.9107244550532	353.404692082111	171.893881016343	270.533724340176	161.347072225139	26.9218475073314	23.1336081163715	148.727785923754	167.695696297777
kala1399	307.136	69.376	5.82717391304348	7.86118801931991	15.4141304347826	17.6421123133674	100.597463768116	82.0923765306696	193.488768115942	159.559333337803	147.043115942029	135.022461624303	10.620652173913	14.4638108106876	78.831884057971	117.765719905422
nort2945	198.193	64.78	6.6	7.6446386441741	17.7330218068536	17.2134313445242	114.130841121495	83.9675224542371	221.648286604361	161.924584505774	167.889563862928	139.655343865977	12.1665109034268	14.4266778135859	90.0280373831776	126.155985393278
ital1282	12.649	43.046	21.428869047619	17.3674296270766	43.916369047619	28.575127477562	209.613095238095	99.9887710468807	392.824404761905	181.970381712355	301.21875	172.995562789292	32.6726190476191	26.1698275710326	166.94568452381	182.585448605359
teso1249	33.939	1.183	91.4612546125461	19.0940501857042	128.214022140221	26.3327416752005	419.19557195572	84.3798430091318	746.309963099631	156.312957249464	582.752767527675	206.27188449783	109.837638376384	29.4335842538409	346.29520295203	278.659247983379
nucl1643	135	35	44.6448916408669	24.6274879924326	78.005572755418	34.1575091990979	319.996904024768	114.90275387269	591.49226006192	204.975901709255	455.744582043344	214.527571296953	61.3252321981424	34.1161958564176	258.534907120743	249.993005813377
hebr1245	35.018	31.106	47.8789137380192	21.2116260476533	81.6162939297125	28.2055599459051	321.565495207668	92.3768915240961	589.424920127796	165.783846039854	455.495207667732	189.594145418567	64.7476038338658	30.1123719797893	260.121405750799	237.934976350019
jola1263	-15.735	12.758	89.6789667896679	14.9976627945455	128.822878228782	20.3616831650713	432.80442804428	61.6822393155961	772.361623616236	110.68287299149	602.583025830258	192.070072336414	109.250922509225	26.5130621920573	355.916974169742	282.276271367883
kaba1278	43.392	43.508	23.4282738095238	18.1154639473102	47.6068452380952	29.977040679964	222.52380952381	106.991781097705	416.014880952381	195.971174590636	319.269345238095	185.101246104011	35.5175595238095	27.5472500946262	177.393452380952	194.013864375472
kaya1330	308.326	-7.774	89.3345323741007	21.7970528005822	126.161870503597	28.6714058884834	415.586330935252	88.1972155895689	740.719424460432	160.300441242323	578.152877697842	207.804794078853	107.748201438849	31.4179253419984	342.950539568345	278.271474918081
dhan1264	73.742	20.772	74.7927835051546	19.5939113383655	112.419243986254	25.1277324630938	394.975945017182	80.7897832311419	714.941580756014	145.31509173437	554.958762886598	198.586246845013	93.6060137457045	29.3485126732279	324.282388316151	270.903921867195
chig1238	29.912	-1.044	89.9781818181818	19.493950876355	126.349090909091	27.3048809353413	413.985454545455	90.476716806082	737.2	167.558073601952	575.592727272727	210.386143253443	108.163636363636	29.8843329608673	341.878181818182	277.901688019617
kiku1240	36.719	-0.29	93.0727272727273	16.9972674332985	130.178181818182	23.2636639929221	425.490909090909	76.368505548305	757.818181818182	142.269033069058	591.654545454545	201.676011903041	111.625454545455	27.5522634231449	351.64	279.9227038766
kili1267	151.072	-8.726	89.6485507246377	14.876572114972	129.282608695652	19.421446114282	438.115942028986	54.8392788844264	784.746376811594	95.8233648937045	611.43115942029	190.200817477876	109.465579710145	26.3084918634257	360.448369565217	285.424248908485
komi1268	54.946	64.053	9.0521875	10.3343324797359	23.1875	22.4986958869713	145.815	102.097871294577	290.5496875	195.869839385989	218.18234375	172.050971313801	16.11984375	18.8691589946374	117.15109375	158.689551612032
komi1269	54.796	59.66	11.3412790697674	12.5828836768253	27.1002906976744	25.3350751903497	157.727034883721	103.700513205075	306.008720930233	191.467122023213	231.867877906977	170.813014377677	19.2207848837209	21.487021666831	125.544331395349	161.621562278361
konk1267	73.917	19.241	77.2105263157895	18.7852362261998	114.736842105263	23.9774882065827	400.666666666667	76.5307020535387	723.824561403509	136.942611966028	562.245614035088	196.05388957359	95.9736842105263	28.5615484159063	329.109649122807	272.04652369943
kore1280	128	37.5	35.4195266272189	24.0777370559135	64.3266272189349	35.6487455239777	272.204142011834	124.907810683465	502.476331360947	227.862928698216	387.340236686391	216.766417193843	49.8730769230769	33.6619822923703	218.606656804734	229.204472081745
krah1246	312.423	-8.012	87.7818181818182	23.8312887849001	124.625454545455	31.5038186665888	411.047272727273	96.8541756135259	733.76	175.252770108369	572.403636363636	214.694939219916	106.203636363636	33.4480319728198	339.303636363636	279.230934891558
kurd1259	45.81	35.65	37.7993939393939	20.860161116828	68.809696969697	29.4187815538744	286.660606060606	96.0229517250445	528.569696969697	171.964413659505	407.615151515152	184.442004934742	53.3045454545455	29.8344304759863	230.459848484848	221.018178614833
laca1243	268.577	17.021	75.3667820069204	23.8910374515495	110.615916955017	32.6692370790383	382.356401384083	109.13995046272	686.885813148789	200.722628823074	534.621107266436	221.991076773886	92.9913494809689	33.5972412817769	313.806228373702	272.000020045765
latv1249	24.309	56.826	9.06540697674419	9.6779540194704	23.3796511627907	21.2022770627977	145.227906976744	95.6729349010179	284.665697674419	180.998965536987	214.946802325581	160.605923333628	16.2225290697674	17.9583766200859	115.584665697674	151.422918948454
ling1263	19.783	1.403	98.3874538745387	12.8709142878176	137.361623616236	17.6970975738761	448.413284132841	55.3914591683967	799.630996309963	101.170247046858	624.022140221402	193.739500266771	117.874538745387	24.8883446964177	370.948339483395	288.383569575839
gand1255	32.152	0.669	90.6909090909091	19.7855959618278	127.407272727273	27.3985444665442	416.789090909091	88.8713038032046	742.145454545455	164.630022958118	579.467272727273	209.716700706906	109.049090909091	30.1275876620443	344.258181818182	278.922241189178
luok1236	34.49	-0.933	91.6821428571429	19.2773299652425	128.596428571429	26.6195414535859	420.867857142857	87.0213196535467	749.714285714286	161.393763041178	585.291071428571	209.436417082324	110.139285714286	29.6718226356736	347.715178571429	280.793103339272
liby1240	15.001	22.003	75.152027027027	17.9167716886062	114.719594594595	21.8963448966966	411.858108108108	68.179176714196	746.722972972973	115.76892946631	579.290540540541	192.590770244744	94.9358108108108	28.135626349329	337.113175675676	278.612367072541
maha1287	77.532	31.009	57.9330065359477	25.5661172182956	94.4016339869281	32.5809282029723	361.238562091503	99.3707346331514	655.771241830065	172.066361454023	508.504901960784	203.546674618957	76.1673202614379	34.484814523813	292.336111111111	260.88303056517
manx1243	-4.454	54.26	9.65321637426901	10.005900233261	24.0783625730994	20.6529967635894	147.190058479532	86.085626168607	286.026315789474	159.787714405551	216.608187134503	145.853488503252	16.8657894736842	17.7494783489504	116.736988304094	144.110369616015
maor1246	176.541	-38.288	33.9788519637462	27.690329345894	59.4069486404834	37.9873796434571	247.655589123867	118.726739184797	457.924471299094	210.740247351773	352.79003021148	200.697436807244	46.6929003021148	35.5684930149939	199.741465256798	210.233576923094
mara1378	76.667	17.934	79.1505376344086	20.1683273864251	116.225806451613	26.8518969088348	402.763440860215	87.9664011050224	724.767025089606	159.95457827203	563.76523297491	206.397623282837	97.6881720430108	30.1187876237949	330.726702508961	275.843638109418
mari1278	48.41	55.83	12.0221574344023	13.7984946635852	28.2206997084548	27.1632138066227	158.815451895044	113.563373451921	304.68221574344	212.321657955992	231.748833819242	185.130461058619	20.1214285714286	23.0029504613432	125.935131195335	169.095315368462
yuca1254	271.043	18.776	75.1746575342466	21.7781766350065	110.917808219178	29.3208361810308	382.705479452055	98.4546692354967	688.082191780822	181.199952468429	535.393835616438	211.141240306487	93.0462328767123	31.3974071023137	314.220034246575	267.812351095846
meso1252	43.11	33.818	43.0058641975309	20.4959090426881	75.725	27.7161590437099	306.493827160494	90.4060839971381	563.293209876543	160.002661985032	434.893518518519	182.68255950363	59.3654320987654	29.3473117574066	247.129475308642	228.880827978775
stan1288	-1.118	40.441	27.7877245508982	21.3473714841256	53.1889221556886	33.1846408361361	237.215568862275	115.23847162501	440.455089820359	210.454768747897	338.835329341317	197.697897308093	40.4883233532934	30.6405819258195	189.661826347305	205.587121773371
minn1241	118.17	24.5	67.8294701986755	22.1739864136454	106	28.8556955000343	387.208609271523	92.5046799142231	703.162251655629	163.064557764402	545.185430463576	206.258340127021	86.9147350993377	32.030012326688	316.050082781457	272.60350396284
moks1248	42.673	54.186	11.3498542274052	11.3970701955817	27.3032069970845	22.8839090580841	157.05889212828	94.641157459737	303.822157434402	176.253125322574	230.440524781341	159.293968312507	19.3265306122449	19.7490872797639	124.883527696793	154.994541415203
moro1292	-7.5	32.5	48.2776073619632	24.189088864689	81.3889570552147	34.0711707705818	318.015337423313	118.022174230919	582.444785276074	214.205368790973	450.230061349693	217.642442333195	64.833282208589	33.8548189731563	257.531671779141	247.789712236753
muyu1244	152.731	-9.195	88.8566308243728	15.4817443239727	128.462365591398	20.0441378823983	436.236559139785	58.6830404304434	781.756272401434	102.262875858548	608.996415770609	191.931681034208	108.659498207885	26.7022045586789	358.827956989247	285.304989775503
cent2132	261.7	19.125	73.2765957446808	21.4909089057211	108.507092198582	28.5126235273326	373.985815602837	94.9788128324146	666.879432624114	175.148680111706	520.432624113475	203.22038033502	90.8918439716312	30.7754833822441	305.662234042553	259.367177988845
nava1243	249.918	36.211	51.2370149253731	30.5258534293408	87.0364179104478	40.6409750055983	345.588059701493	121.475893375491	620.614925373134	208.768368085525	483.101492537313	219.237130590959	69.1367164179104	40.1335974640358	276.119104477612	260.178721809153
nene1249	71.023	66.178	6.51233766233766	8.35526967400527	17.1224025974026	19.0070341361223	108.187337662338	90.2027430593415	206.46038961039	171.521807587326	157.323863636364	145.485130350762	11.8173701298701	15.600564099641	84.5706168831169	126.464576765782
nepa1254	85	28	59.026402640264	25.6332131905679	93.9306930693069	34.3066394706582	348.689768976898	113.619220553063	635.13201320132	205.149313410875	491.910891089109	219.085662661132	76.4785478547855	34.9366378321062	284.194719471947	260.328374966542
newa1246	84.958	27.261	59.026402640264	25.6332131905679	93.9306930693069	34.3066394706582	348.689768976898	113.619220553063	635.13201320132	205.149313410875	491.910891089109	219.085662661132	76.4785478547855	34.9366378321062	284.194719471947	260.328374966542
nhen1239	293.035	1.045	84.6007326007326	16.7234732721661	118.161172161172	22.1741858084586	387.912087912088	70.4478814994244	681.062271062271	129.662910551802	534.487179487179	179.976075934351	101.380952380952	25.82768452453	317.934065934066	251.89742513363
carn1240	92.767	9.189	83.5518518518519	22.2059282477901	119.018518518519	29.1123262009498	397.481481481481	92.2324807798652	709.592592592593	169.695278889156	553.537037037037	207.401961815359	101.285185185185	31.3707875375533	327.411111111111	270.480654561123
nyan1307	30.548	-0.464	91.0553505535055	20.1520304777622	127.715867158672	27.6591101977348	418.490774907749	91.6704994539576	745.90405904059	169.851280324605	582.19741697417	213.169982750846	109.385608856089	30.3496691461555	345.791512915129	281.245841470303
norw1258	10.71	59.92	6.67580174927114	7.71396340709248	17.8973760932945	17.833283131466	114.946647230321	86.5187569435296	222.256559766764	162.668045568111	168.601603498542	140.824262219057	12.2865889212828	14.8329676521407	90.4440962099125	127.009777882407
nyun1247	118.151	-33.12	43.7135542168675	31.2335152414588	73.1879518072289	41.9452531912568	286.55421686747	133.085848132327	529.183734939759	240.624287449292	407.868975903614	229.103451643373	58.4507530120482	39.7859074397539	233.159864457831	239.919896659162
khan1278	7.444	4.709	97.2564102564103	15.5428784621734	135.992673992674	20.3672157042651	443.553113553114	59.7867989023558	789.74358974359	108.307196058012	616.648351648352	194.049868193467	116.624542124542	26.5219324553493	366.636446886447	285.87593001105
pott1240	82.759	18.597	84.8892733564014	19.406511717452	124.266435986159	26.0405989400489	419.965397923875	79.9848000746609	732.871972318339	142.191628608873	576.418685121107	194.435086618885	104.57785467128	30.2450132400729	340.498269896194	273.95209711217
rian1262	92.032	23.68	70.9093959731544	22.4242123300646	108.328859060403	29.189487280825	387.848993288591	95.078493262872	702.875838926175	168.722077435874	545.362416107383	208.744311926212	89.6191275167785	32.0458978076183	317.490771812081	272.490227215956
poli1260	18.626	51.844	11.9860465116279	11.2276850955237	28.834011627907	22.5861236111532	164.896511627907	92.5709384563423	317.186046511628	171.518072665235	241.041279069767	157.393556312408	20.4100290697674	19.7154939033643	130.725654069767	157.321181708368
west2386	75.347	30.095	62.1562893081761	24.4768301192322	99.9685534591195	30.1758090137768	375.503144654088	87.7742569285232	676.603773584906	148.512414116122	526.053459119497	193.798312980273	81.0624213836478	33.3416155244645	303.557940251572	262.417067817897
rund1242	31.319	-1.442	89.3333333333333	21.1788278931901	125.540740740741	29.6500689174555	410.940740740741	97.5341147418826	731.148148148148	180.868866153824	571.044444444444	216.228598770854	107.437037037037	31.4794411002448	339.240740740741	278.627909518015
russ1263	50	59	12.3223837209302	13.3068317626993	29.6956395348837	26.7472089745453	173.816860465116	109.507983417179	333.311046511628	198.664210580732	253.563953488372	179.056240040925	21.009011627907	22.8289348857395	137.28648255814	172.654521734381
lule1254	17.806	67.276	5.29319727891156	6.91730934555544	14.8309523809524	16.2412095765577	102.165306122449	79.7537795037189	198.154081632653	154.694273298899	150.159693877551	132.011649599151	10.062074829932	13.3539703893501	80.1108843537415	117.073575849895
samo1305	188.17	-13.92	75.7330960854093	20.8481741412258	112.163701067616	25.7377203557409	385.622775800712	75.5531037046809	690.889679715302	133.983975322093	538.256227758007	187.476397103608	93.9483985765125	29.6639377730687	316.10231316726	259.60343281182
sere1260	-16.392	13.894	88.4086021505376	16.0111718365195	127.659498207885	21.3828288140887	430.78853046595	65.7230543110755	768.960573476703	117.096138425664	599.874551971326	194.012211662142	108.034050179211	27.2396885781739	353.954301075269	282.321034497256
shua1257	281.811	-3.451	85.7773722627737	21.515257360692	121.591240875912	29.2820200729644	400.43795620438	93.2351284482409	711.105839416058	170.911818090049	555.771897810219	207.581108956621	103.684306569343	31.3082914483087	329.728102189781	270.476246603411
sici1248	14.041	37.574	34.2823353293413	22.1910951067622	62.4688622754491	33.0784551134978	262.625748502994	114.236152571079	483.535928143713	208.439598619983	373.080838323353	201.059068627996	48.3755988023952	31.4808342794033	210.728218562874	216.957373030924
sind1272	69	26	71.5066666666667	21.1746193331048	110.566666666667	25.0476246490044	402.1	72.5820260234739	732.533333333333	121.779924682771	567.316666666667	193.325090732511	91.0366666666667	30.3155688012248	329.176666666667	275.479220855509
sout2807	27.895	-30.445	48.9865203761755	29.1066576942608	81.528526645768	38.2989051195591	317.579937304075	120.217409338965	580.824451410658	211.40948201484	449.202194357367	216.513942169397	65.2575235109718	37.6874867091707	257.229858934169	247.007405640151
sout3123	38.084	31.56	47.4888888888889	19.2852135621387	81.2444444444444	25.0540929299125	320.292063492064	81.0197178595073	587.079365079365	142.470390441178	453.685714285714	176.725226490014	64.3666666666667	28.0059129573084	259.02619047619	232.202026016551
swis1247	8.464	47.052	16.1044247787611	14.0495197082337	35.6038348082596	25.3048727102879	186.159292035398	93.6733812864011	352.076696165192	171.573280408108	269.117994100295	161.152526264792	25.8541297935103	22.6592419521104	147.486061946903	167.443308876485
tata1255	50	55	12.3210526315789	13.6739395543361	28.5081871345029	26.41916998592	157.190058479532	106.830952138853	301.497076023392	199.405299825414	229.343567251462	175.39655242557	20.4146198830409	22.5261732851234	124.879093567251	162.926550610955
telu1262	78.702	16.453	80.979020979021	19.8393436972194	118.055944055944	26.7693923736233	406.671328671329	86.132274956056	732.447552447552	156.860500247348	569.559440559441	206.307911697803	99.5174825174825	29.9733923212134	334.538461538462	277.47946304669
thai1261	100.671	14.192	82.7236111111111	20.258689316878	119.715277777778	27.492200527023	408.722222222222	89.7261761257691	731.715277777778	163.504186488376	570.21875	208.538827319998	101.219444444444	30.4104336277856	335.719097222222	277.894203315211
ticu1245	290.128	-3.663	76.1636363636364	27.1622347023928	108.465454545455	36.996272342219	357.541818181818	120.263552874372	632.254545454545	221.064133292883	494.898181818182	224.743838386869	92.3145454545455	36.2307064072636	293.606363636364	257.765234046475
tigr1270	38.223	17.349	81.2013888888889	16.7870780988123	119.361111111111	20.8639565872683	414.895833333333	63.8322298798074	744.201388888889	112.234453451773	579.548611111111	188.358043139811	100.28125	26.881331407891	339.914930555556	274.880237191772
tong1325	184.75	-21.17	66.3310580204778	23.3976119385014	101.389078498294	27.932749783172	358.77133105802	80.00337491128	646.518771331058	138.071962906851	502.645051194539	182.881027931212	83.8600682593857	31.15284968917	293.252559726962	247.135485340948
tswa1253	24.759	-24.368	65.5887043189369	29.2140252615466	102.039867109635	36.0123831292647	369.986710963455	104.212122564889	671.139534883721	180.274588147589	520.563122923588	210.604976378581	83.8142857142857	37.4981472008809	302.188704318937	265.684571049483
tuni1259	9.562	33.797	45.9660436137072	24.2323801887184	78.3732087227414	33.7614670146963	310.532710280374	113.587960224418	568.853582554517	205.054643009949	439.693146417445	210.096161587121	62.1696261682243	33.5431214240391	250.931386292835	241.399880414899
nucl1301	32.867	39.867	30.5894259818731	20.8413497055323	57.5223564954683	31.4904946967856	249.936555891239	107.755048643218	462.184290030211	195.046022217199	356.060422960725	189.917888073796	44.0558912386707	29.89227183264	200.058157099698	206.935518860135
tzel1254	267.721	16.638	77.7737588652482	23.6179560901783	113.787234042553	32.7298461006802	389.975177304965	107.14723342556	700.436170212766	196.540319870368	545.205673758865	221.696006408035	95.7804964539007	33.7327303480397	320.493085106383	275.066811898568
tzot1259	267.26	16.64	77.7737588652482	23.6179560901783	113.787234042553	32.7298461006802	389.975177304965	107.14723342556	700.436170212766	196.540319870368	545.205673758865	221.696006408035	95.7804964539007	33.7327303480397	320.493085106383	275.066811898568
ukra1253	24.396	48.176	15.6889534883721	13.4483785775527	35.1831395348837	24.6960462487149	186.497093023256	92.5172428510545	354.101744186047	170.404829580827	270.299418604651	160.637206041213	25.4360465116279	22.1347101751165	147.86773255814	167.74381165082
urdu1245	67	25	70.9694915254237	21.417197411862	109.379661016949	25.7675029983321	396.949152542373	76.4175389742748	724.067796610169	130.403855219134	560.508474576271	195.448408981043	90.1745762711864	30.4932573093001	325.341525423729	273.676389579203
vasa1239	73.865	21.362	74.1632653061225	19.6731104287813	111.768707482993	24.777664726795	395.918367346939	78.9154738719725	717.210884353741	140.825369616213	556.56462585034	197.126117519235	92.9659863945578	29.2194108234928	324.765306122449	271.32267548734
cent2150	287.903	6.887	87.7657039711191	22.3003220380112	125.032490974729	29.8348538747735	412.274368231047	94.0455322197025	734.050541516246	172.379965508651	573.162454873646	212.547943231407	106.399097472924	32.2534988933869	339.780776173285	278.574574649143
vend1245	29.952	-22.188	66.7355704697987	29.4614501846034	102.197315436242	37.2885119585373	362.157718120805	112.287383631117	652.127516778523	197.888578267235	507.142617449664	216.556274354296	84.4664429530201	37.9765648403598	295.804530201342	262.393625186768
viet1252	105.774	20.681	74.9109589041096	21.3004755227809	112.102739726027	27.9313664109279	393.811643835616	91.9931014971325	707.63698630137	164.989529195495	550.724315068493	206.095494089321	93.5068493150685	31.0206032513351	322.115582191781	272.04216650515
wall1257	183.793	-13.29	72.7805755395683	19.2979315690686	108.061151079137	23.7089725762145	370.827338129496	69.6953067589533	662.661870503597	124.152436520438	516.744604316547	177.334659619505	90.4208633093525	27.8955425411977	303.58273381295	248.147636850742
pano1254	288.438	-7.975	84.5070422535211	19.4237647160326	119.496478873239	26.0465061430032	396.887323943662	81.2452639416893	703.521126760563	147.464781364553	550.204225352113	194.154215645745	102.00176056338	28.8708429057274	326.102992957746	263.653806100368
wels1247	-4	52	11.9360465116279	11.5987901529602	28.4898255813953	22.8203501319418	164.520348837209	91.0789529914133	316.459302325581	169.220588783743	240.489825581395	155.62254156189	20.2129360465116	19.8942164201347	130.351380813953	156.324746037045
nucl1347	-15.383	15.253	85.4755244755245	16.6228893841698	124.230769230769	22.1904649375143	425.576923076923	69.5236374720241	762.167832167832	123.163789735257	593.872377622378	195.849113101306	104.853146853147	27.5652915195873	349.362762237762	281.741913963297
xava1240	307.563	-14.302	84.7659574468085	21.34303400001	122.780141843972	27.0841819861485	414.379432624113	79.1432864430129	747.482269503546	139.724085143572	580.93085106383	201.640731383166	103.77304964539	30.9094520815773	342.35195035461	278.853231052184
xhos1239	28.077	-31.039	46.6697160883281	28.6644196417815	78.6807570977918	38.1826950919953	309.652996845426	119.34507235898	567.410094637224	210.249525411475	438.531545741325	214.041601237157	62.6752365930599	37.3438664590081	250.603391167192	242.755888727286
yano1261	295.122	1.68	88.768115942029	15.5553158899914	123.286231884058	20.5306323403622	403.04347826087	60.652316998712	705.36231884058	111.405300479677	554.202898550725	175.843568470233	106.027173913043	25.090854596371	330.115036231884	256.947173277509
yoru1245	3.672	7.153	89.8297101449275	22.4534262521588	127.06884057971	29.9850685283669	416.804347826087	93.8703057856977	740.398550724638	170.780626529744	578.601449275362	212.556294748232	108.449275362319	32.3677984011833	343.525362318841	280.006853448464
yucu1253	288.997	-0.761	81.8791208791209	24.5966738387569	115.380952380952	33.3917467872138	379.663003663004	108.142114360215	673.139194139194	199.38267513	526.401098901099	217.367110766157	98.6300366300366	33.7569637368736	312.515567765568	264.500987603132
cent2127	198.514	60.306	8.91286549707602	9.94847774084835	22.4397660818713	21.754460167711	132.137134502924	101.465570174162	257.860233918129	196.141297288455	194.998684210526	168.2408836096	15.6763157894737	18.2073254575169	105.3375	149.508479369082
zulu1248	31.351	-25.331	59.3967637540453	28.9496998147276	94.3708737864078	37.2673500892615	346.275080906149	113.214364223949	627.601941747573	200.416482255961	486.938511326861	215.098724698651	76.8838187702265	37.6557872243744	281.911165048544	256.697592786624
atla1278	8.25	8.75	88.9170909090909	21.6942009871257	126.381818181818	29.4346305978855	416.323636363636	90.7673330326097	740.025454545455	164.905733100931	578.174545454545	209.588803961829	107.649454545455	31.919286152443	342.912	279.018875566319
nilo1247	29.75	4.75	93.0915750915751	18.0253814741707	130.692307692308	24.521460727271	428.18315018315	76.4062969593466	761.684981684982	140.068587563916	594.934065934066	201.400343587135	111.891941391941	28.5720279115147	353.413003663004	281.169266624859
ainu1252	142.46	43.63	27.2432835820896	20.7643235598558	52.7591044776119	33.2631240017728	235.89552238806	117.480962189186	439.301492537313	215.325714491138	337.598507462687	200.991194798202	40.0011940298507	30.5066333310802	188.799850746269	206.89659451399
indo1319	71.55	34	56.8664596273292	28.1540243945231	93.5031055900621	36.1882623650873	359.608695652174	107.88861071913	641.745341614907	184.693255151565	500.67701863354	206.812522895874	75.1847826086957	37.2232161971319	287.930900621118	259.533075369379
afro1255	8.08	8.67	88.9170909090909	21.6942009871257	126.381818181818	29.4346305978855	416.323636363636	90.7673330326097	740.025454545455	164.905733100931	578.174545454545	209.588803961829	107.649454545455	31.919286152443	342.912	279.018875566319
sino1245	94.75	26.1	61.7953947368421	24.4279754650732	97.2707236842105	32.7321870757467	357.763157894737	109.65428643044	649.819078947368	198.107573615703	503.791118421053	216.685023616545	79.5330592105263	33.8796402807302	291.662088815789	262.804264802907
atha1245	236.5	53.75	16.7755102040816	17.2728765407884	36.402332361516	31.3535292385686	187.413994169096	119.176354812021	355.588921282799	222.513269450569	271.501457725948	197.210789812094	26.5889212827988	27.133122371699	149.045189504373	186.564128197682
ayma1253	291.5	-17	80.818661971831	27.271014595585	118.619718309859	34.4759315633992	402.102112676056	100.125540257095	723.302816901409	176.2927211362	562.702464788732	215.299417106177	99.7191901408451	36.3635130429453	331.210827464789	278.303183449103
turk1311	125	56	10.7279069767442	10.7509891189161	26.759011627907	22.9344516627878	157.616279069767	101.329148293993	304.764534883721	192.022911710922	231.190406976744	170.167330255537	18.7434593023256	19.6128040407014	124.966933139535	161.095481129462
aust1307	120.98	23.76	68.8525252525253	22.2792156054348	106.427609427609	28.8166790574659	386.451178451178	93.796349661142	699.057239057239	167.412099030539	542.754208754209	207.009829073441	87.6400673400673	31.872095943424	315.197138047138	271.554443707789
ural1272	30	68	5.45284280936455	6.41137440468792	15.4739130434783	14.65636317838	111.317391304348	72.2519438340779	215.967558528428	137.41872247369	163.642474916388	121.550142000453	10.4633779264214	12.3648911286797	87.0529264214047	115.448194977862
otom1299	262.58	17.67	74.5427046263345	23.3294332446379	109.049822064057	31.5436943263458	374.829181494662	105.611312311969	669.519572953737	194.150642381013	522.174377224199	214.778677740184	91.7962633451957	32.6569683160487	306.985320284698	264.432846284139
aust1305	100.5	14.83	82.7236111111111	20.258689316878	119.715277777778	27.492200527023	408.722222222222	89.7261761257691	731.715277777778	163.504186488376	570.21875	208.538827319998	101.219444444444	30.4104336277856	335.719097222222	277.894203315211
eski1264	189.52	63.69	7.4437125748503	8.3016084038765	19.9377245508982	18.8911982516557	127.278443113772	94.5689561210923	251.29371257485	184.274828022256	189.286077844311	158.961636440545	13.6907185628743	15.8638407380166	101.488398203593	143.055513988542
japo1237	140	37	40.7520958083832	24.1639578185416	73.0814371257485	34.6103043600954	305.329341317365	116.669006057048	566.224550898204	209.573413131388	435.776946107784	213.928254324799	56.9167664670659	33.9298935967034	246.346856287425	243.621292690688
abkh1242	41.16	43.06	23.5328402366864	17.8639787648136	47.8508875739645	28.8124450080245	225.254437869822	99.1259145667965	423.230769230769	179.88807928334	324.242603550296	175.712147656616	35.6918639053254	26.867246347523	179.967233727811	191.356734454812
nucl1710	310	-11	87.2114695340502	22.0403915750683	124.78853046595	29.3895030505676	419.333333333333	89.0573737954254	752.114695340502	159.624698438605	585.724014336918	210.73965448308	106	32.049837761502	345.862007168459	283.344672373463
kore1284	128	37.5	35.4195266272189	24.0777370559135	64.3266272189349	35.6487455239777	272.204142011834	124.907810683465	502.476331360947	227.862928698216	387.340236686391	216.766417193843	49.8730769230769	33.6619822923703	218.606656804734	229.204472081745
maya1287	268.17	15.42	80.8036231884058	21.7240374932145	117.474637681159	29.811213415807	401.384057971014	97.0459551844115	720.539855072464	177.905803079701	560.961956521739	214.495339853036	99.1391304347826	31.8729884894677	330.050543478261	277.234872030696
utoa1244	249.75	27.5	68.158940397351	22.5658409756862	105.586092715232	26.1003215054729	387.122516556291	74.3784983685442	706.622516556291	122.387041511177	546.872516556291	189.210865302574	86.8725165562914	30.741073041875	316.872516556291	267.023385289115
tupi1275	298	-8	89.5907473309609	16.4481800928879	126.099644128114	21.7024694089021	417.928825622776	64.353892559382	744.839857651246	114.919502783382	581.384341637011	188.212186275906	107.845195729537	26.531638935022	344.614768683274	272.318825039543
pama1250	142.49	-12.17	85.3321678321678	20.5058352034068	124.496503496503	27.022634859486	422.167832167832	82.4377690662317	755.594405594406	146.223200586109	588.881118881119	204.709370322587	104.914335664336	30.9593485918574	346.897727272727	282.879205358447
drav1251	79.92	21.53	79.7147651006711	21.2302397754022	118.708053691275	27.5672181659893	408.355704697987	84.8149956426655	715.872483221477	149.817207976701	562.114093959732	196.152642678089	99.2114093959731	31.3859509976529	330.662751677852	270.792549550083
jiva1245	281.81	-3.45	85.7773722627737	21.515257360692	121.591240875912	29.2820200729644	400.43795620438	93.2351284482409	711.105839416058	170.911818090049	555.771897810219	207.581108956621	103.684306569343	31.3082914483087	329.728102189781	270.476246603411
taik1256	108	24	71.3177257525084	20.9352482103565	109.565217391304	26.6533475151116	394.036789297659	85.6784333658081	713.244147157191	150.316815061143	553.640468227425	201.143979952514	90.4414715719063	30.6547055775333	322.040969899666	272.699830368929
ticu1244	290.13	-3.66	76.1636363636364	27.1622347023928	108.465454545455	36.996272342219	357.541818181818	120.263552874372	632.254545454545	221.064133292883	494.898181818182	224.743838386869	92.3145454545455	36.2307064072636	293.606363636364	257.765234046475
chib1249	276.58	9.75	82.4451263537906	23.5222994661663	118.241877256318	32.0775099678654	395.458483754513	103.128293053495	704.667870036101	189.696682414315	550.063176895307	217.287414717444	100.343501805054	33.3261628648672	325.20333935018	273.400843797197
pano1259	285	-7.5	78.7665454545455	27.2365316758685	111.690909090909	36.5310950076125	371.294545454545	117.279115909583	658.912727272727	214.320756148949	515.103636363636	224.740413269434	95.2287272727273	36.1632522401521	305.166181818182	264.571882899671
yano1268	295.12	1.68	88.768115942029	15.5553158899914	123.286231884058	20.5306323403622	403.04347826087	60.652316998712	705.36231884058	111.405300479677	554.202898550725	175.843568470233	106.027173913043	25.090854596371	330.115036231884	256.947173277509
araw1281	290.83	1	79.3382352941177	17.6707152776603	111.136029411765	23.0382296521384	367.735294117647	77.0301838854969	648.639705882353	142.849192680112	508.1875	181.40746478049	95.2371323529412	25.9609570123874	301.712316176471	243.81774708748
