glottocode	latitude	longitude	humidity_overall_mean	humidity_overall_median	humidity_overall_sd	humidity_overall_IQR	humidity_mean_annual_mean	humidity_mean_annual_median	humidity_mean_annual_sd	humidity_mean_annual_IQR
abua1244	4.831	6.615	0.0182165621089508	0.0182600002735853	0.000949655007076146	0.00120750023052096	0.0182127495532854	0.0182499576411727	0.000850278640017764	0.00109315899640529
acol1236	3.577	32.515	0.0148491788865013	0.0154900001361966	0.00177550012462329	0.00147749925963581	0.0148480366506065	0.0154132450697944	0.00156862818920324	0.00163422844747806
ainu1240	43.634	142.462	0.00678058449338496	0.0058699999935925	0.00362880460104874	0.00635250000050291	0.0067701845104446	0.00593993054806358	0.00375327370290332	0.00581931944341502
alba1267	41	20	0.00741650012624613	0.00735500012524426	0.00213656193337009	0.00356999970972538	0.00741242134668931	0.00740687498990964	0.00216534075291898	0.00350795037391233
alge1239	35.421	3.23	0.0067203779724407	0.00649500009603798	0.00127726696237918	0.00206500000786036	0.00671777689322622	0.00646166666410863	0.00127542010849872	0.00192508576825882
amha1245	11.708	39.543	0.0103724451012701	0.00992499990388751	0.00291819285665576	0.00518249999731779	0.0103716917393019	0.00992781596788619	0.00279830578547821	0.00417975551196529
anga1288	25.684	93.867	0.0136350432306632	0.014459999743849	0.00476353236183668	0.00964750023558736	0.0136249584565519	0.0142051381796288	0.00493669834729158	0.00933614440792654
mesc1238	33.129	254.434	0.00583537610134844	0.0047499998472631	0.00273207879426108	0.00439999997615814	0.00582559054095644	0.00485941387079139	0.00272539727672581	0.00411024303806092
stan1318	27.963	43.853	0.00461019615133647	0.00450999988242984	0.000980338220449938	0.00101750029716641	0.00460881521930608	0.00453873820111362	0.00085377426339912	0.000943892705739321
nucl1235	40	45	0.00651631316947284	0.00628499989397824	0.00308209019303264	0.00584999984130263	0.00650884598793882	0.00630639929376129	0.00318403856264701	0.00550508990838555
assa1263	26.088	91.293	0.0131160609667257	0.0139800002798438	0.00489293515235937	0.0102274999953806	0.0131059056909966	0.0135191451214875	0.00507375313734905	0.00990207155215709
assy1241	36.75	43	0.00726359149051444	0.00692500011064112	0.00234521434894461	0.00392499973531812	0.0072637335465373	0.006925266662923	0.00237612474123174	0.00362571144715831
awng1244	10.982	36.692	0.0118582343871516	0.0127650001086295	0.00215237342511841	0.00336750014685094	0.0118524726884213	0.0124117062401233	0.00202952101864653	0.00318734542815946
cent2142	-17	291.5	0.00823692482079885	0.00856999959796667	0.00198176799052897	0.00329500052612275	0.00824075284304493	0.00863395831483002	0.0019704207376391	0.0031213930374684
kara1465	43.565	42.261	0.0070290646813202	0.00597500009462237	0.00348504841795116	0.00649500032886863	0.00701342378012107	0.00615890209640687	0.00356317355897271	0.00586124898028275
basq1248	43.28	-1.32	0.00744999289791597	0.00707499985583127	0.00211995250396065	0.00355500041041523	0.00745037669547015	0.00706349374377169	0.00215873475086431	0.00344435802576805
bela1254	53.231	25.604	0.00641476630888845	0.00600500009022653	0.00319235527723799	0.00571750017115846	0.00641246694569764	0.00599610483429084	0.00329039185274753	0.0054039760507294
krio1252	-18.135	137.669	0.0098661481335516	0.00904999999329448	0.00446541980666858	0.0073149997042492	0.00987864557251182	0.00902020621126414	0.00453327335595459	0.00683057118213684
bhil1251	20.85	73.959	0.0124392875536434	0.0115950000472367	0.0050015455249245	0.00990500033367425	0.0124309406791383	0.0114386263982548	0.00517656646348174	0.00950968929909221
biet1238	24.274	92.943	0.0128547369371144	0.0138500002212822	0.00551870837184209	0.0115224996116012	0.0128416157178755	0.0137693145790965	0.00572788295881087	0.0111648839309863
bulg1262	43.365	25.047	0.00693563204709145	0.00663499999791384	0.00280191531765961	0.00477499968837947	0.00693123191462017	0.00657128818177928	0.00287194251591543	0.00447541004460719
yuec1235	23	113	0.0133818824184485	0.0138149997219443	0.00521960203951262	0.0102125003468245	0.0133762243548858	0.0136707826685678	0.00541932799167606	0.00932179933200435
cham1312	13.438	144.745	0.0192769915234549	0.0193900000303984	0.000778826108111991	0.00109749985858798	0.019275498767436	0.0194351652171463	0.000634188778158288	0.000824971920034538
mand1415	40.021	116.228	0.00541946888396013	0.00404000002890825	0.0041493597598346	0.00633250002283603	0.00541149998904113	0.00423833263468825	0.00419837016813922	0.00584329859864536
chot1239	24.372	94.241	0.0128547369371144	0.0138500002212822	0.00551870837184209	0.0115224996116012	0.0128416157178755	0.0137693145790965	0.00572788295881087	0.0111648839309863
chuv1255	55.487	47.163	0.00539316444661542	0.00453000003471971	0.00340973302929836	0.00614749966189265	0.00538609295829243	0.00458674653297445	0.003519363666347	0.00588016386205305
czec1258	49.873	15.104	0.00673257517544249	0.00624500005505979	0.00289040107756807	0.00516000029165298	0.00672874310869261	0.00636402778198115	0.0029785073559202	0.00484712882623878
dani1285	54.866	9.363	0.00595222598474716	0.00553000019863248	0.00191246810997215	0.00330750003922731	0.00594904253751588	0.00553239860326155	0.00195832839649254	0.00308822118111291
dubl1239	21.516	73.218	0.0111541509292347	0.0100150001235306	0.00554374279682417	0.0104549999814481	0.0111412721760617	0.00976971805600139	0.00572960949447563	0.00996750621965879
dutc1256	52	5	0.00647797797929218	0.00613500014878809	0.00195065154102619	0.00333000021055341	0.00647461434573	0.00616347221269583	0.0020022037022048	0.00316966004336589
stan1293	53	-1	0.00673093693737931	0.00638000015169382	0.00146540421463327	0.00253750011324883	0.00672831980088232	0.00643819444424783	0.00149463537457579	0.00239570901936127
erzy1239	52.855	45.39	0.00519454999280592	0.00485999998636544	0.00290494440570337	0.00527749990578741	0.0051914479590804	0.00487193819814517	0.00299490244928537	0.00503433298541091
peno1244	17.067	262.99	0.0158194455704576	0.0161149995401502	0.00188034207875286	0.00329750007949769	0.0158244241676896	0.0159649631370687	0.00186818047753207	0.00316651765994417
west2369	28.659	55.159	0.00286657284100764	0.00283499993383884	0.000708819413871775	0.000897499907296151	0.00286943529512119	0.00285001180276999	0.000675798960394278	0.000806170146663337
fiji1243	-18	178.33	0.0175200446339493	0.0175450006499887	0.00160488195672738	0.0027099996805191	0.0175292070814713	0.0175062541642951	0.0015860273070245	0.0025466259523657
taga1270	14.06	121.747	0.0184494833362078	0.0186249995604157	0.00102139480214839	0.00146750127896667	0.0184510073381613	0.018686180585064	0.000910672433161509	0.00119061668778563
finn1318	64.763	25.558	0.00467721946954853	0.00346000003628433	0.00290736319007827	0.0049749999307096	0.00467390875256736	0.00356923540918312	0.00299820730510331	0.00444455345859751
stan1290	48	2	0.00717812296711907	0.00693500018678606	0.00202855853797579	0.00348249962553382	0.00717622522736862	0.00695777778552535	0.00206825266978074	0.00326559830055986
pula1263	13.869	-13.448	0.00974578028902985	0.00725499982945621	0.00648857443070165	0.0129074998549186	0.00973349237307321	0.00748928750787551	0.00671450863697594	0.0121013222233159
scot1245	56.757	-5.244	0.00631891270352653	0.00598999997600913	0.00130862857395405	0.00222750019747764	0.00631631939411301	0.00600895833081773	0.00133731532088588	0.00210750761228458
gami1242	21.07	73.684	0.0111541509292347	0.0100150001235306	0.00554374279682417	0.0104549999814481	0.0111412721760617	0.00976971805600139	0.00572960949447563	0.00996750621965879
stan1295	48.649	12.468	0.00659124184894269	0.006010000128299	0.00304537263035506	0.00562750012613833	0.0065850523681986	0.00608726318912684	0.00314878498518743	0.00519173578262174
pare1266	19.075	83.972	0.0150875877605269	0.0142000000923872	0.00412920650998331	0.00798499910160899	0.0150775917342548	0.014277777783314	0.00424159071860522	0.00695578852901235
mode1248	42.322	24.87	0.00693563204709145	0.00663499999791384	0.00280191531765961	0.00477499968837947	0.00693123191462017	0.00657128818177928	0.00287194251591543	0.00447541004460719
guja1252	22.687	71.096	0.012522074023787	0.012020000256598	0.00497648135263983	0.00957749923691154	0.0125114137269978	0.0120181992921668	0.00515188127445912	0.00883382635624407
gusi1247	-0.789	34.768	0.0113728087474668	0.0112649998627603	0.00158353286464524	0.00242999941110611	0.0113782538584951	0.0113864041696717	0.00144089636848971	0.00210111257749506
hadz1240	-3.83	35.05	0.0116966357606622	0.0115399998612702	0.00228433737015683	0.00435000006109476	0.0117106715700981	0.011534279154148	0.00231517772547374	0.00412677607447323
hakk1236	25	116	0.0129778017528737	0.0130500001832843	0.0052148160216654	0.0101700006052852	0.0129709343517259	0.0129518409634733	0.00542103979830552	0.00918659931630827
haus1257	11.151	8.78	0.0125648022080079	0.0145199997350574	0.00482953279720128	0.00848500081337988	0.0125551608748409	0.0139083867802078	0.00473906476202194	0.0078328264329078
hind1269	25	77	0.00974673694319858	0.00698500010184944	0.00577498691916922	0.00959499995224178	0.0097307057615175	0.0071145062328368	0.00596172083397549	0.00834386979921773
hung1274	46.907	19.656	0.00774145024201218	0.00737499981187284	0.00335137877496303	0.00585750001482666	0.0077358541018663	0.0073921909982649	0.00344328923545783	0.00555326350149699
kala1399	69.376	307.136	0.00265803345161439	0.00248000002466142	0.00133426600534814	0.00237500004004687	0.00265503559418875	0.00248284791854935	0.00137249228220402	0.00226596320438451
nort2945	64.78	198.193	0.00342826095190836	0.00234999996609986	0.00245318461347785	0.00447000004351139	0.00342082924543048	0.00237949652041102	0.00253405025145885	0.00394663715895957
ital1282	43.046	12.649	0.00925247309162848	0.00889499997720122	0.00259939799587302	0.00456249993294477	0.0092470145991797	0.00901076391326367	0.00265003224965801	0.00441334373479347
teso1249	1.183	33.939	0.0138011099184518	0.0141549999825656	0.0015546783021203	0.00179157522507012	0.0137991948917984	0.0140806187345232	0.00136011460178382	0.00152750621782616
nucl1643	35	135	0.00961720409053041	0.0084150000475347	0.00468833827248738	0.00818500004243106	0.00960464774882987	0.00853596871537674	0.00485870756098194	0.00793177777733136
hebr1245	31.106	35.018	0.00811382833030292	0.00758500001393259	0.00254708628855186	0.0047059248900041	0.0081075212313313	0.00753834860451106	0.00262288091178663	0.00442955108398261
jola1263	12.758	-15.735	0.0129334982549707	0.0122000002302229	0.00531255957111374	0.010855000698939	0.012929882992162	0.0125860319434044	0.00548237152263078	0.0106467590214581
kaba1278	43.508	43.392	0.0070290646813202	0.00597500009462237	0.00348504841795116	0.00649500032886863	0.00701342378012107	0.00615890209640687	0.00356317355897271	0.00586124898028275
kaya1330	-7.774	308.326	0.0163497243636659	0.0178599990904331	0.00313174164874654	0.00363750010728836	0.0163595956573575	0.0179574381133231	0.00294486773812556	0.00371279892796237
dhan1264	20.772	73.742	0.0124392875536434	0.0115950000472367	0.0050015455249245	0.00990500033367425	0.0124309406791383	0.0114386263982548	0.00517656646348174	0.00950968929909221
chig1238	-1.044	29.912	0.0141427444124764	0.0143650001846254	0.0010353518643779	0.00126749975606799	0.0141462363577815	0.0143815764200149	0.000927641777130591	0.00114393573474242
kiku1240	-0.29	36.719	0.0113554879771176	0.0112100001424551	0.0014329956672488	0.00223249942064285	0.0113605704168512	0.0112804534405263	0.00135174626369171	0.00198135277605616
kili1267	-8.726	151.072	0.0192550460076381	0.0192699991166592	0.000629570637694548	0.000769998878240585	0.019256820880054	0.0192911819451385	0.000486793198811067	0.00059674298002695
komi1268	64.053	54.946	0.00447362784846058	0.00329999998211861	0.00315871646038909	0.00519500023801811	0.00446649617350579	0.00334328263771668	0.0032530667637426	0.00476584165800078
komi1269	59.66	54.796	0.00507269451508108	0.00382999994326383	0.00348356479505697	0.00609000021358952	0.00506495950334675	0.00397488818271086	0.00359764921521846	0.00557196666745262
konk1267	19.241	73.917	0.0124392875536434	0.0115950000472367	0.0050015455249245	0.00990500033367425	0.0124309406791383	0.0114386263982548	0.00517656646348174	0.00950968929909221
kore1280	37.5	128	0.00875001620541442	0.00766499992460012	0.00493998964611584	0.00842500000726432	0.00873856151802412	0.00765559928711607	0.00511880636801343	0.00796273541830791
krah1246	-8.012	312.423	0.0154789886925812	0.0176050001755357	0.00369807790002871	0.00619249953888357	0.0154933284789595	0.0173640277805842	0.00364419263129787	0.00576635966879419
kurd1259	35.65	45.81	0.0061526688791069	0.00604999996721745	0.00145766190522052	0.00219999998807907	0.00615572814755019	0.00604758681988137	0.0014221516572056	0.00203240488028516
laca1243	17.021	268.577	0.014948415277973	0.0152700003236532	0.00204235516983449	0.00366749987006187	0.0149478035388329	0.015230368072581	0.00207238976207251	0.00360212159123168
latv1249	56.826	24.309	0.00580577844143834	0.00540000014007092	0.00268426774920206	0.00467832526192069	0.00580370022449824	0.00543538264658612	0.00276852054002419	0.00441324829767432
ling1263	1.403	19.783	0.0182273919652878	0.0182600002735853	0.000716397019589861	0.000789999961853027	0.0182337520690601	0.0182910549273301	0.000492729694251121	0.000584722263738513
gand1255	0.669	32.152	0.0146795546523098	0.0148900002241135	0.00117903229361131	0.00125750014558434	0.0146800437050554	0.0148593749812183	0.00100752283729108	0.00111406040377915
luok1236	-0.933	34.49	0.0138208576964349	0.0138900000602007	0.00099429846653148	0.00148500059731305	0.0138218102844614	0.0139208992736207	0.000944164471878972	0.00132418023551711
liby1240	22.003	15.001	0.00436833181547648	0.00431000022217631	0.00133885643050216	0.00137749977875501	0.00436579980941299	0.00443055833360025	0.00105064885649312	0.00150851562486625
maha1287	31.009	77.532	0.00910234720433144	0.00783499982208014	0.00386745874262344	0.00595249957405031	0.00909297664640349	0.00785458334333574	0.00398683109697967	0.00490995556497688
manx1243	54.26	-4.454	0.00668226468370303	0.00633999984711409	0.00140923323694484	0.0024874999653548	0.00667914034109265	0.00637777777026511	0.00144331489778217	0.00233931110253454
maor1246	-38.288	176.541	0.00832179661825004	0.00816500000655651	0.0012106413438562	0.00189750012941658	0.00832592284898004	0.00814897361043323	0.00121184713859402	0.00178059931689252
mara1378	17.934	76.667	0.0111301929026729	0.00937499990686774	0.00490286222837413	0.00977250013966113	0.0111257911594906	0.00952053127629269	0.00504353062399287	0.00896042182284873
mari1278	55.83	48.41	0.00535078869770565	0.00441000005230308	0.00342823849974876	0.00619750027544796	0.00534354235968871	0.00452185209400745	0.00353845031151313	0.00591061248592774
yuca1254	18.776	271.043	0.0184866959307265	0.0187400002032518	0.00127266354603624	0.00203750049695373	0.0184873450781687	0.0187363535191657	0.00126179515988876	0.0019602160448105
meso1252	33.818	43.11	0.006065436254097	0.00616999994963408	0.00108841868465927	0.00139749993104488	0.00606688539539523	0.00615652293264348	0.00100792912618011	0.00132135312338101
stan1288	40.441	-1.118	0.00700266841291027	0.00655000004917383	0.00230467285847367	0.00393750006332994	0.00700398435862617	0.00662896596542042	0.00234632070182631	0.00378051007444608
minn1241	24.5	118.17	0.0153181393102185	0.0152650000527501	0.003927563407395	0.0076750002335757	0.0153103501031444	0.0153101187768496	0.00406707933240155	0.00720015279107934
moks1248	54.186	42.673	0.00558629732706263	0.00488994992338121	0.00331570083791429	0.00600500003201887	0.00558159751118984	0.00497104096737328	0.00342502170637652	0.00570598822054712
moro1292	32.5	-7.5	0.00799617191042864	0.00786500005051494	0.00131765744586995	0.00228499993681908	0.0079945333315614	0.00782833333424706	0.00133001814151339	0.00217709336397497
muyu1244	-9.195	152.731	0.0192550460076381	0.0192699991166592	0.000629570637694548	0.000769998878240585	0.019256820880054	0.0192911819451385	0.000486793198811067	0.00059674298002695
cent2132	19.125	261.7	0.0145192166772999	0.0147250001318753	0.00185199332230315	0.00324499956332147	0.0145249198679823	0.014700571501938	0.00185860305588432	0.00311571884473475
nava1243	36.211	249.918	0.00493740313903522	0.00474499980919063	0.00131379619078308	0.00174749980214983	0.00493503480938513	0.00481261387014658	0.00129873841905552	0.00155380486184084
nene1249	66.178	71.023	0.00355579055468405	0.00256000005174428	0.00278117528272646	0.00445749994833022	0.00355099024132985	0.00257346041325945	0.0028682798059001	0.00409614896509285
nepa1254	28	85	0.00967164511471066	0.00781999994069338	0.00459665883539773	0.00910750054754317	0.00965973794727089	0.00805835973005742	0.00476172615253039	0.00844729337000495
newa1246	27.261	84.958	0.00967164511471066	0.00781999994069338	0.00459665883539773	0.00910750054754317	0.00965973794727089	0.00805835973005742	0.00476172615253039	0.00844729337000495
nhen1239	1.045	293.035	0.0184511626160992	0.0184899996966124	0.000638852022138774	0.000867500435560942	0.018456626825927	0.018537013959657	0.000458744870128725	0.000512997878508435
carn1240	9.189	92.767	0.0190021467106395	0.0190650001168251	0.000846470367440858	0.00111749954521656	0.0190048581727547	0.0190470798148049	0.000707567549539992	0.000914793047640059
nyan1307	-0.464	30.548	0.0141427444124764	0.0143650001846254	0.0010353518643779	0.00126749975606799	0.0141462363577815	0.0143815764200149	0.000927641777130591	0.00114393573474242
norw1258	59.92	10.71	0.00491663112019087	0.00433499994687736	0.00228948884212893	0.00389749987516552	0.00491460876079043	0.00437424651560529	0.0023602330907985	0.00371833818321142
nyun1247	-33.12	118.151	0.00691141573482113	0.00677999993786216	0.000902043749716163	0.0013475000159815	0.00691467715781901	0.006808851409005	0.000897071644674924	0.00125171491688687
khan1278	4.709	7.444	0.0182165621089508	0.0182600002735853	0.000949655007076146	0.00120750023052096	0.0182127495532854	0.0182499576411727	0.000850278640017764	0.00109315899640529
pott1240	18.597	82.759	0.014529783552239	0.0138233499601483	0.0035472758516552	0.00675750011578202	0.0145226964613121	0.0138333652608304	0.00363000168193274	0.00619662883238763
rian1262	23.68	92.032	0.0141190865759831	0.0151249999180436	0.00561815069262671	0.0117575009353459	0.0141056699994692	0.0149466589727025	0.00583830584365989	0.0113847180667411
poli1260	51.844	18.626	0.00648120873635374	0.00605500000528991	0.00276328124807809	0.00485250016208738	0.00647798996436346	0.00613548611161403	0.00283836645481732	0.00450098435087259
west2386	30.095	75.347	0.0100173644468054	0.00784999970346689	0.00497532116002469	0.0066324999788776	0.0100030878660016	0.00793618055306271	0.00512059869386699	0.00585766249504458
rund1242	-1.442	31.319	0.0145513975367575	0.0146800000220537	0.000918479145804726	0.00129000004380941	0.0145518879227583	0.0146910326309606	0.000871530129983119	0.00121057291269406
russ1263	59	50	0.00535702552659424	0.00424999999813735	0.00351665452397858	0.00620000006165355	0.00534902640167114	0.00435136873016341	0.00363076380085276	0.0058378069200747
lule1254	67.276	17.806	0.00399773601319919	0.00338500004727393	0.00194277067847236	0.00289249984780326	0.00399531110897656	0.00338208819933546	0.00197903809332974	0.00272154687142271
samo1305	-13.92	188.17	0.0189384875107027	0.0189100001007318	0.000716424712623154	0.00095750018954277	0.0189452786181409	0.0189816347297488	0.000581615900645843	0.000799198570247326
sere1260	13.894	-16.392	0.0150197733113312	0.0146249998360872	0.00324154180481864	0.00623250054195523	0.0150129508406493	0.0148078514159554	0.00332970280356752	0.00599006105201422
shua1257	-3.451	281.811	0.0132777728281464	0.0132799996063113	0.00126658289422949	0.00168750039301813	0.0132896022680695	0.013445197197143	0.0010621805564999	0.00148633194556977
sici1248	37.574	14.041	0.0111752866022723	0.0105249998159707	0.00312284455952965	0.005644999910146	0.0111669345942088	0.0104881763755758	0.00320657802353656	0.00522027090321191
sind1272	26	69	0.00994797518188112	0.00881499983370304	0.00462628479535656	0.00849552464205772	0.00993708826932105	0.00881538961483683	0.00477924607388489	0.00763619723794464
sout2807	-30.445	27.895	0.00774966654018228	0.00725499982945621	0.00349170337162932	0.00679749972186983	0.00775899620730246	0.00742526874334241	0.0035925612956845	0.00636445729792791
sout3123	31.56	38.084	0.00602962458690754	0.00559499999508262	0.0020278879815741	0.00357999978587031	0.00602477119372583	0.00559766805640215	0.00207015155706343	0.0032620437139283
swis1247	47.052	8.464	0.00619776724196758	0.00542499986477196	0.00282416442024469	0.00507000018842518	0.00618719427318352	0.00548164375423868	0.00288613122605912	0.00457035105015772
tata1255	55	50	0.00541915045433791	0.00472000008448958	0.00332379675310207	0.00631749967578799	0.00541375847595623	0.00481048263383046	0.00343220404017726	0.00588459374598137
telu1262	16.453	78.702	0.0132559467316551	0.0124650001525879	0.00340712002258167	0.0064249993301928	0.0132554172203828	0.0125161048425879	0.00347454386732722	0.00601826635021199
thai1261	14.192	100.671	0.017261761665075	0.0186249995604157	0.00308793609800985	0.00499999942258	0.0172615322306267	0.0187364944463803	0.00312105122127393	0.00470059792860411
ticu1245	-3.663	290.128	0.0194082739990908	0.0194450002163649	0.000704389813549893	0.00093750050291419	0.0194140629502255	0.0195294979882116	0.000554964065819073	0.000616549999297907
tigr1270	17.349	38.223	0.0131844273879082	0.012980000115931	0.00164010242668939	0.00174750061705709	0.0131838463484161	0.0131288742995821	0.00132275315024709	0.00160017146845348
tong1325	-21.17	184.75	0.0158608968452158	0.0156299993395805	0.00204170443267463	0.00360500067472458	0.0158704420839868	0.0156134763836033	0.00204662057991455	0.0032827704692156
tswa1253	-24.368	24.759	0.00755786049067931	0.00631000008434057	0.00331950155052564	0.00581250002142042	0.00757876895604542	0.00657092915692677	0.00334994666824545	0.00550316946787967
tuni1259	33.797	9.562	0.00653683066439743	0.00616999994963408	0.00172491648815079	0.00293999956920743	0.00653242897249167	0.00615937706768616	0.00176624503528739	0.00278705484945224
nucl1301	39.867	32.867	0.00588991364183573	0.00554999988526106	0.00222195086903378	0.00372749997768551	0.00588579552436637	0.00563891874238228	0.0022378921125356	0.00356201493640482
tzel1254	16.638	267.721	0.014948415277973	0.0152700003236532	0.00204235516983449	0.00366749987006187	0.0149478035388329	0.015230368072581	0.00207238976207251	0.00360212159123168
tzot1259	16.64	267.26	0.014948415277973	0.0152700003236532	0.00204235516983449	0.00366749987006187	0.0149478035388329	0.015230368072581	0.00207238976207251	0.00360212159123168
ukra1253	48.176	24.396	0.00657099149760297	0.00602000020444393	0.00321224625025089	0.00580500002251938	0.00656463239917744	0.00603134097764269	0.00331203310196437	0.0053563253483541
urdu1245	25	67	0.00993843392647004	0.00897500012069941	0.00399409951322617	0.00739499973133206	0.00993055008062192	0.00901071528076298	0.00412821665038762	0.00658398476662114
vasa1239	21.362	73.865	0.0111541509292347	0.0100150001235306	0.00554374279682417	0.0104549999814481	0.0111412721760617	0.00976971805600139	0.00572960949447563	0.00996750621965879
cent2150	6.887	287.903	0.0164410735693237	0.0168200004845858	0.00134553794489311	0.00148000009357929	0.016443489005165	0.0168952173682758	0.00125522887952507	0.0012899635023334
vend1245	-22.188	29.952	0.00997772108598467	0.00907499995082617	0.00347148947020922	0.00623500009533018	0.00999164594261862	0.00925964235082372	0.0035403685947197	0.00628948398742877
viet1252	20.681	105.774	0.0155615658691426	0.0161650003865361	0.00379323041978022	0.00712000019848347	0.0155587473050181	0.0161099381900082	0.00391251679951391	0.00669892788411946
wall1257	-13.29	183.793	0.0193583411674747	0.0193199999630451	0.000609732787418386	0.000839998945593834	0.0193637301240469	0.0193538194806832	0.00043043897929793	0.000598679555373059
pano1254	-7.975	288.438	0.0172549998659059	0.0175649998709559	0.0017996200764439	0.00266500096768141	0.0172661941008359	0.0177530104216809	0.00159592115373166	0.00236705869125823
wels1247	52	-4	0.00672207680440753	0.0063999998383224	0.00140069081226814	0.00241500022821128	0.00671947715490782	0.00642909722066381	0.00142944089920574	0.00228327429633484
nucl1347	15.253	-15.383	0.00929941386277494	0.00754000013694167	0.00455529569060846	0.00803750031627715	0.00928581749434025	0.00763076526992437	0.00470368073708244	0.0068834190452536
xava1240	-14.302	307.563	0.0150653089576842	0.0173549996688962	0.00417585587329855	0.00774749950505793	0.015077779457559	0.0172490687497581	0.00423933087404286	0.00703206278558355
xhos1239	-31.039	28.077	0.00889337563340168	0.00863500032573938	0.00296721717878076	0.00565249985083938	0.00890148064772303	0.00871213402004085	0.00305640026725931	0.00537487218550976
yano1261	1.68	295.122	0.0184864064218316	0.0185300000011921	0.000620668258772692	0.000830000266432762	0.0184919277070889	0.0185560471921538	0.000437252599518889	0.000533086060184158
yoru1245	7.153	3.672	0.0177582721573264	0.0180300008505583	0.0014185148089326	0.00129499984905124	0.0177467691543198	0.0180470354906801	0.00126104312281617	0.0011284857593839
yucu1253	-0.761	288.997	0.0180714838532405	0.018130000680685	0.000761832772527741	0.00101999938488007	0.0180779932114787	0.0182190305915558	0.000587949278562777	0.000694629820322411
cent2127	60.306	198.514	0.00422012761679189	0.0034099998883903	0.00221412746070943	0.00404749996960163	0.00421316680371584	0.00346801456827153	0.00228190608534374	0.0037803343701752
zulu1248	-25.331	31.351	0.011887956531675	0.0116200000047684	0.00323458322518166	0.00604749983176589	0.0118985396553401	0.0117191743338481	0.00333037485888705	0.00574576386457516
atla1278	8.75	8.25	0.0153087485849744	0.0166599992662668	0.00308983342686275	0.0034700003452599	0.0152926303815459	0.0167499125301321	0.00293201060252345	0.00378075412785014
nilo1247	4.75	29.75	0.0156594474288681	0.0165299996733665	0.00227401511891052	0.00200999993830919	0.0156590645135639	0.0165031500186564	0.00200586633048061	0.0020962215850078
ainu1252	43.63	142.46	0.00678058449338496	0.0058699999935925	0.00362880460104874	0.00635250000050291	0.0067701845104446	0.00593993054806358	0.00375327370290332	0.00581931944341502
indo1319	34	71.55	0.00990597143419747	0.00934500014409423	0.0037147634169463	0.00542499963194132	0.00990106629854566	0.00946680556646445	0.00380266524180222	0.00486342571578765
afro1255	8.67	8.08	0.0153087485849744	0.0166599992662668	0.00308983342686275	0.0034700003452599	0.0152926303815459	0.0167499125301321	0.00293201060252345	0.00378075412785014
sino1245	26.1	94.75	0.0137883691065066	0.014459999743849	0.00462317038123011	0.00941749988123775	0.013780275424222	0.014368202084572	0.00479335366014559	0.00915725546656176
atha1245	53.75	236.5	0.00479113228725202	0.00400999980047345	0.00238480985313231	0.00387572514591739	0.00478419681456338	0.00410961041375736	0.00242029512197608	0.00373918402086323
ayma1253	-17	291.5	0.00823692482079885	0.00856999959796667	0.00198176799052897	0.00329500052612275	0.00824075284304493	0.00863395831483002	0.0019704207376391	0.0031213930374684
turk1311	56	125	0.00418280221462222	0.00246999994851649	0.00398371587604795	0.00614249979844317	0.00417239194214094	0.0024671604155123	0.00412132892176201	0.00591099964114821
aust1307	23.76	120.98	0.0161988217978454	0.0163150001317263	0.00310185534477046	0.006029998883605	0.016194334277817	0.0162575965579082	0.0032056167743063	0.00573957292363048
ural1272	68	30	0.00419981666856352	0.00314000004436821	0.002636339593973	0.0044149998575449	0.00419645244157494	0.00319418541201028	0.0027170798060869	0.00391079410635737
otom1299	17.67	262.58	0.0135941211056042	0.0137099996209145	0.00184146635144252	0.00320000015199184	0.0136005390955966	0.0136656013653717	0.0018236587201698	0.0031125660170801
aust1305	14.83	100.5	0.017261761665075	0.0186249995604157	0.00308793609800985	0.00499999942258	0.0172615322306267	0.0187364944463803	0.00312105122127393	0.00470059792860411
eski1264	63.69	189.52	0.0032667406771027	0.00319499999750406	0.00184122006742108	0.00324750004801899	0.00326243776430284	0.00318231250437546	0.00189330058051263	0.00299987222206255
japo1237	37	140	0.00961734813101815	0.00891999993473291	0.00482154147354113	0.0087349999230355	0.00960574166764926	0.00866368052730751	0.00500425886889848	0.00831292080854635
abkh1242	43.06	41.16	0.00803049873627965	0.00736999977380037	0.00355636973396899	0.00652499997522682	0.00802021884786415	0.00735625765971943	0.00367514280568306	0.00607592462458544
nucl1710	-11	310	0.0158928036114466	0.018130000680685	0.00405736579924283	0.00657499977387488	0.0159064661986814	0.0180951388708005	0.00402925637359919	0.006080431562926
kore1284	37.5	128	0.00875001620541442	0.00766499992460012	0.00493998964611584	0.00842500000726432	0.00873856151802412	0.00765559928711607	0.00511880636801343	0.00796273541830791
maya1287	15.42	268.17	0.014948415277973	0.0152700003236532	0.00204235516983449	0.00366749987006187	0.0149478035388329	0.015230368072581	0.00207238976207251	0.00360212159123168
utoa1244	27.5	249.75	0.00821744184289779	0.00724999979138374	0.00275738247452256	0.00436000002082437	0.00820930815243348	0.00726500001554895	0.00280288138460351	0.00390454475159964
tupi1275	-8	298	0.0184871663072413	0.0189100001007318	0.00154376776926307	0.00149999931454659	0.0184940733100511	0.0191044103768137	0.00140490594935433	0.00126596992292131
pama1250	-12.17	142.49	0.0164042185125807	0.0157650001347065	0.00287902985793027	0.00553749967366457	0.0164195916043653	0.0158464513628537	0.00291680627363849	0.00498663057159219
drav1251	21.53	79.92	0.0108303019678164	0.00815000012516975	0.0058565607932199	0.0114925000816584	0.0108192989390755	0.00822240492885208	0.00602676166093845	0.00982261828175979
jiva1245	-3.45	281.81	0.0132777728281464	0.0132799996063113	0.00126658289422949	0.00168750039301813	0.0132896022680695	0.013445197197143	0.0010621805564999	0.00148633194556977
taik1256	24	108	0.0142102068673281	0.0148149998858571	0.00499687393624844	0.00971999997273088	0.0142068557138073	0.0146497242902923	0.0051824025080011	0.00873516950943869
ticu1244	-3.66	290.13	0.0194082739990908	0.0194450002163649	0.000704389813549893	0.00093750050291419	0.0194140629502255	0.0195294979882116	0.000554964065819073	0.000616549999297907
chib1249	9.75	276.58	0.0190124679248268	0.0190600007772446	0.00058765310388586	0.000747499521821737	0.0190125952372357	0.0191199576301086	0.000497977308034852	0.000623823221152027
pano1259	-7.5	285	0.0170061369600222	0.0172899998724461	0.00137043176127306	0.00195500021800399	0.017014061663679	0.0173502083376257	0.00116008771776154	0.0015881375325585
yano1268	1.68	295.12	0.0184864064218316	0.0185300000011921	0.000620668258772692	0.000830000266432762	0.0184919277070889	0.0185560471921538	0.000437252599518889	0.000533086060184158
araw1281	1	290.83	0.018553515030006	0.0185899995267391	0.000652119591599224	0.000860000029206276	0.0185592546604653	0.0186333333452543	0.000459502129801914	0.00054096838640463
